"2019-08-24 03:28:27.000","activate.arlo.com","cname","arlo-dealer-22793663.eu-west-1.elb.amazonaws.com","201908"
"2019-08-24 03:33:14.000","activateqa.arlo.com","cname","arlo-dealer-qa-507546538.eu-west-1.elb.amazonaws.com","201908"
"2019-08-24 03:28:20.000","activateqa2.arlo.com","cname","arlo-dealer-qa2-1200508094.eu-west-1.elb.amazonaws.com","201908"
"2019-08-24 03:29:59.000","activateqa3.arlo.com","cname","arlo-dealer-qa3-871543591.eu-west-1.elb.amazonaws.com","201908"
"2019-08-24 10:10:02.000","hybrid.arlo.com","a","63.241.139.10","201908"
"2019-08-24 11:57:28.000","macadmin.arlo.com","a","52.52.42.206","201908"
"2019-08-24 04:06:59.000","ar.arlo.com","ns","pdns88.ultradns.net","201908"
"2019-08-24 04:06:59.000","ar.arlo.com","ns","pdns88.ultradns.org","201908"
"2019-08-24 04:06:59.000","ar.arlo.com","ns","pdns88.ultradns.biz","201908"
"2019-08-24 04:06:59.000","ar.arlo.com","ns","pdns88.ultradns.com","201908"
"2019-08-24 04:06:59.000","ar.arlo.com","soa","pdns88.ultradns.com mshah.netgear.com 2014055436 86400 86400 86400 86400","201908"
"2019-08-24 08:42:09.000","ftp01.arlo.com","a","208.184.50.17","201908"
"2019-08-24 16:52:39.000","oauth.arlo.com","cname","oauth-arlo-14839390.eu-west-1.elb.amazonaws.com","201908"
"2019-08-24 16:46:22.000","oauthdev.arlo.com","cname","xc-oauthdev-963546.eu-west-1.elb.amazonaws.com","201908"
"2019-08-24 16:44:23.000","oauthqa.arlo.com","cname","oauthqa-808540822.eu-west-1.elb.amazonaws.com","201908"
"2019-08-24 16:43:35.000","oauthqa2.arlo.com","cname","xc-oauth-qa2-21033109.eu-west-1.elb.amazonaws.com","201908"
"2019-08-24 16:46:51.000","ocapi-app-dev.arlo.com","cname","ocapi-app-dev.arlo.com.cdn.cloudflare.net","201908"
"2019-08-24 16:44:41.000","ocapi-app-loadtest.arlo.com","cname","ae0469b6ea20211e88dd706b90552512-115253790.eu-west-1.elb.amazonaws.com","201908"
"2019-08-24 16:50:40.000","ocapi-app-qa.arlo.com","cname","af155cf67957511e8b7b90a872f4260b-1941973144.eu-west-1.elb.amazonaws.com","201908"
"2019-08-24 16:53:35.000","ocapi-app-qa2.arlo.com","cname","ocapi-app-qa2.arlo.com.cdn.cloudflare.net","201908"
"2019-08-24 16:46:35.000","ocapi-app.arlo.com","cname","a9aa87ce6b20b11e9a5c50abb040ef85-1373291013.eu-west-1.elb.amazonaws.com","201908"
"2019-08-24 16:55:44.000","ocapi-dev.arlo.com","cname","ocapi-dev.arlo.com.cdn.cloudflare.net","201908"
"2019-08-24 16:45:01.000","ocapi-ivr.arlo.com","cname","ocapi-ivr-prod-681736847.eu-west-1.elb.amazonaws.com","201908"
"2019-08-24 16:45:12.000","ocapi-payments-cres.arlo.com","cname","ocapi-payments-cres-163288913.eu-west-1.elb.amazonaws.com","201908"
"2019-08-24 16:46:28.000","ocapi-qa.arlo.com","cname","ocapi-arlo-qa-1294633062.eu-west-1.elb.amazonaws.com","201908"
"2019-08-24 16:45:30.000","ocapi-qa2.arlo.com","cname","ocapi-qa2.arlo.com.cdn.cloudflare.net","201908"
"2019-08-24 16:53:26.000","ocapi.arlo.com","cname","ocapi-arlo-prod-513848589.eu-west-1.elb.amazonaws.com","201908"
"2019-08-24 21:04:31.000","windchill01.arlo.com","a","208.184.50.18","201908"
"2019-08-24 12:37:21.000","mcsqa.arlo.com","cname","xc-mcsqa-1957775525.eu-west-1.elb.amazonaws.com","201908"
"2019-08-24 12:41:52.000","mcsqa2.arlo.com","cname","xc-mcs-qa2-2039234207.eu-west-1.elb.amazonaws.com","201908"
"2019-08-24 12:38:31.000","mcs.arlo.com","cname","metric-collection-service-218867900.eu-west-1.elb.amazonaws.com","201908"
"2019-08-24 12:37:16.000","mcsdev.arlo.com","cname","xc-mcs-public-1946479367.eu-west-1.elb.amazonaws.com","201908"
"2019-08-24 18:24:51.000","redirect.arlo.com","a","63.241.139.40","201908"
"2019-08-24 18:13:19.000","qa.arlo.com","cname","yapper-prod-840102971.us-west-2.elb.amazonaws.com","201908"
"2019-08-24 16:19:40.000","myqa.arlo.com","cname","vzweb-qa-ire-n-2071924027.eu-west-1.elb.amazonaws.com","201908"
"2019-08-24 16:09:31.000","myqa2.arlo.com","cname","myqa2.arlo.com.cdn.cloudflare.net","201908"
"2019-08-24 16:13:17.000","myqa3.arlo.com","cname","arlowebqa3-n-1386285855.eu-west-1.elb.amazonaws.com","201908"
"2019-08-24 16:08:11.000","myqa4.arlo.com","cname","myqa4.arlo.com.cdn.cloudflare.net","201908"
"2019-08-24 16:15:24.000","myqa5.arlo.com","cname","arloweb-qa5-374780598.eu-west-1.elb.amazonaws.com","201908"
"2019-08-24 16:09:38.000","mystaging.arlo.com","cname","mystaging.arlo.com.cdn.cloudflare.net","201908"
"2019-08-24 07:23:21.000","deviceapi-staging.arlo.com","cname","deviceapi-stage-35750352.eu-west-1.elb.amazonaws.com","201908"
"2019-08-24 17:36:55.000","ping.arlo.com","a","63.241.139.41","201908"
"2019-08-24 21:29:31.000","www.arlo.com","a","13.33.147.119","201908"
"2019-08-24 21:29:31.000","www.arlo.com","a","13.33.147.222","201908"
"2019-08-24 21:29:31.000","www.arlo.com","a","13.33.147.49","201908"
"2019-08-24 21:29:31.000","www.arlo.com","a","13.33.147.74","201908"
"2019-08-24 18:55:33.000","shop-dev.arlo.com","cname","shop-dev.arlo.com.cdn.cloudflare.net","201908"
"2019-08-24 18:55:46.000","shop.arlo.com","cname","dwgin.production-na01-arlo-com.cc-ecdn.net","201908"
"2019-08-24 20:01:40.000","transfer.arlo.com","cname","ftp01.arlo.com","201908"
"2019-08-24 04:32:29.000","b2bproxy01.arlo.com","a","208.184.50.43","201908"
"2019-08-24 04:33:47.000","b2bproxy61.arlo.com","a","64.125.178.172","201908"
"2019-08-24 04:32:12.000","b2bproxy81.arlo.com","a","208.184.50.42","201908"
"2019-08-24 19:29:42.000","store.arlo.com","cname","refurbish-prod-1618608340.eu-west-1.elb.amazonaws.com","201908"
"2019-08-24 21:40:30.000","www.downloads.arlo.com","cname","d2u0pxdmihwdr.cloudfront.net","201908"
"2019-08-24 12:41:24.000","messaging.arlo.com","ns","pdns88.ultradns.net","201908"
"2019-08-24 12:41:24.000","messaging.arlo.com","ns","pdns88.ultradns.org","201908"
"2019-08-24 12:41:24.000","messaging.arlo.com","ns","pdns88.ultradns.biz","201908"
"2019-08-24 12:41:24.000","messaging.arlo.com","ns","pdns88.ultradns.com","201908"
"2019-08-24 12:41:24.000","messaging.arlo.com","soa","pdns88.ultradns.com mshah.netgear.com 2015013308 86400 86400 86400 86400","201908"
"2019-08-24 16:50:39.000","odmapi-qa.arlo.com","cname","odmgateway-qa-a7afa4299c504f12.elb.eu-west-1.amazonaws.com","201908"
"2019-08-24 16:47:20.000","odmqa01.arlo.com","a","208.184.50.15","201908"
"2019-08-24 19:35:52.000","support.arlo.com","cname","arlo-com-alb-1947759202.us-west-2.elb.amazonaws.com","201908"
"2019-08-24 19:38:30.000","survey.arlo.com","cname","pub.s10.exacttarget.com","201908"
"2019-08-24 20:19:56.000","verdev.arlo.com","cname","verdev-1666042906.eu-west-1.elb.amazonaws.com","201908"
"2019-08-24 20:21:45.000","verdev2.arlo.com","cname","verdev2-2102051986.eu-west-1.elb.amazonaws.com","201908"
"2019-08-24 16:52:39.000","oms-staging.arlo.com","cname","oms-staging.arlo.com.cdn.cloudflare.net","201908"
"2019-08-24 16:54:52.000","oms.arlo.com","cname","oms.arlo.com.cdn.cloudflare.net","201908"
"2019-08-24 20:35:26.000","vpn01.arlo.com","a","208.184.50.12","201908"
"2019-08-24 20:26:32.000","vpn.arlo.com","cname","redirect.arlo.com","201908"
"2019-08-24 06:15:51.000","community-stage.arlo.com","cname","iyazy66697.stage.lithium.com","201908"
"2019-08-24 06:16:09.000","community.arlo.com","cname","iyazy66697.lithium.com","201908"
"2019-08-24 04:43:34.000","beta.arlo.com","cname","beta-1237674144.eu-west-1.elb.amazonaws.com","201908"
"2019-08-24 19:29:31.000","status.arlo.com","cname","cachet-1812534369.us-west-2.elb.amazonaws.com","201908"
"2019-08-24 19:20:36.000","ssoauth-dev4.arlo.com","cname","ssoauth-dev4-959997756.eu-west-1.elb.amazonaws.com","201908"
"2019-08-24 19:20:39.000","ssocallback-qa.ar.arlo.com","cname","ssocallback-qa-1615318682.eu-west-1.elb.amazonaws.com","201908"
"2019-08-24 19:37:12.000","ssocallback-qa2.ar.arlo.com","cname","ssocallback-qa2-1261106712.eu-west-1.elb.amazonaws.com","201908"
"2019-08-24 19:36:45.000","ssocallback-qa3.ar.arlo.com","cname","ssocallback-qa3-913512683.eu-west-1.elb.amazonaws.com","201908"
"2019-08-24 19:21:01.000","ssocallback-qa4.ar.arlo.com","cname","ssocallback-qa4-2103180974.eu-west-1.elb.amazonaws.com","201908"
"2019-08-24 19:20:27.000","ssocallback.ar.arlo.com","cname","ssocallback-prod-816839356.eu-west-1.elb.amazonaws.com","201908"
"2019-08-24 19:22:27.000","ssocallbacks-dev3.ar.arlo.com","cname","ssocallbacks-dev3-1344098154.eu-west-1.elb.amazonaws.com","201908"
"2019-08-24 19:20:52.000","staging.store.arlo.com","a","18.200.65.234","201908"
"2019-08-24 19:20:52.000","staging.store.arlo.com","a","52.211.211.58","201908"
"2019-08-24 20:10:03.000","updates.arlo.com","cname","https.updates.arlo.com.edgekey.net","201908"
"2019-08-24 07:14:40.000","diagtool-dev.arlo.com","cname","diagtool-dev-arlo-alb-1210585627.us-west-2.elb.amazonaws.com","201908"
"2019-08-24 07:19:05.000","diagtool-qa.arlo.com","cname","diagtool-test-arlo-alb-991865134.us-west-2.elb.amazonaws.com","201908"
"2019-08-24 07:19:06.000","diagtool.arlo.com","cname","diagtool-arlo-elb-1503779111.us-west-2.elb.amazonaws.com","201908"
"2019-08-24 07:14:42.000","diagtools.arlo.com","cname","diagtool-prod-1764677232.us-west-2.elb.amazonaws.com","201908"
"2019-08-24 07:27:41.000","downloads.arlo.com","cname","d2u0pxdmihwdr.cloudfront.net","201908"
"2019-08-24 16:21:45.000","nimp.arlo.com","cname","yapper-prod-840102971.us-west-2.elb.amazonaws.com","201908"
"2019-08-24 16:37:28.000","notifications-dev.arlo.com","cname","notifications-dev.arlo.com.cdn.cloudflare.net","201908"
"2019-08-24 16:28:29.000","notifications-qa2.arlo.com","cname","notifications-qa2.arlo.com.cdn.cloudflare.net","201908"
"2019-08-24 16:27:30.000","notifications.arlo.com","cname","notifications-arlo-474030132.eu-west-1.elb.amazonaws.com","201908"
"2019-08-24 05:41:56.000","cachetapi.arlo.com","cname","cachetapi-1640431287.us-west-2.elb.amazonaws.com","201908"
"2019-08-24 05:43:35.000","camsdk-app-dev.arlo.com","cname","af36db4b3043911e9bd6d0a18d4512c4-592037942.eu-west-1.elb.amazonaws.com","201908"
"2019-08-24 18:29:10.000","revoke-qa.arlo.com","cname","policy-qa-1689187999.eu-west-1.elb.amazonaws.com","201908"
"2019-08-24 18:26:07.000","revoke-qa2.arlo.com","cname","xc-policy-qa2-802165507.eu-west-1.elb.amazonaws.com","201908"
"2019-08-24 18:31:27.000","revoke.arlo.com","cname","policy-n-1216608724.eu-west-1.elb.amazonaws.com","201908"
"2019-08-24 17:26:43.000","partners.arlo.com","cname","d3pgc5g7p97u51.cloudfront.net","201908"
"2019-08-24 17:29:02.000","payments-dev.arlo.com","cname","a34349f8a78a911e9b3f10267bb54656-1399893296.eu-west-1.elb.amazonaws.com","201908"
"2019-08-24 17:26:22.000","payments-qa.arlo.com","cname","a48063d60757311e9a6ec06ec81eaeed-91365974.eu-west-1.elb.amazonaws.com","201908"
"2019-08-24 17:26:52.000","payments.arlo.com","cname","payments-1654621578.eu-west-1.elb.amazonaws.com","201908"
"2019-08-24 13:17:22.000","mta.e.arlo.com","a","13.111.97.71","201908"
"2019-08-24 13:20:10.000","mta2.e.arlo.com","a","13.111.97.89","201908"
"2019-08-24 17:48:01.000","policy-qa.arlo.com","cname","policy-qa-1689187999.eu-west-1.elb.amazonaws.com","201908"
"2019-08-24 17:42:11.000","policy-qa2.arlo.com","cname","xc-policy-qa2-802165507.eu-west-1.elb.amazonaws.com","201908"
"2019-08-24 17:44:55.000","policy.arlo.com","cname","policy-n-1216608724.eu-west-1.elb.amazonaws.com","201908"
"2019-08-24 08:10:01.000","eks-qa3-ire.arlo.com","cname","kubernetes-dashboard-952983729.eu-west-1.elb.amazonaws.com","201908"
"2019-08-24 08:10:19.000","eks-qa3-ore.arlo.com","cname","eks-qa3-z2-hmsstreaming-789778517.us-west-2.elb.amazonaws.com","201908"
"2019-08-24 08:10:59.000","elearning.arlo.com","cname","yapper-prod-840102971.us-west-2.elb.amazonaws.com","201908"
"2019-08-24 11:03:38.000","kb.arlo.com","cname","kb.arlo.com.00d0z000000epbgeac.live.siteforce.com","201908"
"2019-08-24 19:18:53.000","sproxydev.ar.arlo.com","cname","sproxy-dev-57ae19c55a436aca.elb.eu-west-1.amazonaws.com","201908"
"2019-08-24 04:17:25.000","autodiscover.arlo.com","cname","autodiscover.outlook.com","201908"
"2019-08-24 06:03:36.000","citrix1.arlo.com","a","208.184.50.13","201908"
"2019-08-24 03:22:57.000","abbott.arlo.com","cname","vrtxarlolb-1119627521.eu-west-1.elb.amazonaws.com","201908"
"2019-08-24 03:09:03.000","_domainkey.arlo.com","txt","|o=~; r=networkengineer@netgear.com","201908"
"2019-08-24 03:18:46.000","_sip._tls.arlo.com","srv","100 1 443 sipdir.online.lync.com","201908"
"2019-08-24 03:18:06.000","_sipfederationtls._tcp.arlo.com","srv","100 1 5061 sipfed.online.lync.co","201908"
"2019-08-24 04:18:10.000","arlo-device-dev.messaging.arlo.com","cname","apidevicedevelb-1170326360.eu-west-1.elb.amazonaws.com","201908"
"2019-08-24 04:07:45.000","arlo-device-dev3.messaging.arlo.com","cname","ArlodeviceALB-dev3-N-229525814.eu-west-1.elb.amazonaws.com","201908"
"2019-08-24 04:11:35.000","arlo-device-pre.messaging.arlo.com","cname","ArloDevicePreProdLB-222701086.eu-west-1.elb.amazonaws.com","201908"
"2019-08-24 04:10:55.000","arlo-device-qa.messaging.arlo.com","cname","ArloDeviceQALB-N-813242474.eu-west-1.elb.amazonaws.com","201908"
"2019-08-24 04:12:17.000","arlo-device-qa2.messaging.arlo.com","cname","arlo-device-qa2.messaging.arlo.com.cdn.cloudflare.net","201908"
"2019-08-24 04:13:04.000","arlo-device-qa3.messaging.arlo.com","cname","arlodevice-qa3-n-509736049.eu-west-1.elb.amazonaws.com","201908"
"2019-08-24 04:10:10.000","arlo-device-secure-staging.messaging.arlo.com","cname","ArloSecDeviceStaging-b30378fa62d9fb68.elb.eu-west-1.amazonaws.com","201908"
"2019-08-24 04:11:45.000","arlo-device-staging.messaging.arlo.com","cname","ArloDeviceStagingLB-VZ-N-1501858958.eu-west-1.elb.amazonaws.com","201908"
"2019-08-24 04:09:39.000","arlo-device.messaging.arlo.com","cname","ArloDeviceProdLB-N-793345458.eu-west-1.elb.amazonaws.com","201908"
"2019-08-24 04:12:51.000","arlo-media-pre.ar.arlo.com","cname","ArloMediaPreProdLB-667126690.eu-west-1.elb.amazonaws.com","201908"
"2019-08-24 04:12:26.000","arlo-media-qa.ar.arlo.com","cname","ArloMediaQALB-N-1649575115.eu-west-1.elb.amazonaws.com","201908"
"2019-08-24 04:07:48.000","arlo-media-qa2.ar.arlo.com","cname","arlo-media-qa2.ar.arlo.com.cdn.cloudflare.net","201908"
"2019-08-24 04:08:09.000","arlo-media-staging.ar.arlo.com","cname","ArloMediaStageLB-N-1922843138.eu-west-1.elb.amazonaws.com","201908"
"2019-08-24 04:13:06.000","arlo-media.ar.arlo.com","cname","ArloMediaProdLB-N-1198816203.eu-west-1.elb.amazonaws.com","201908"
"2019-08-24 04:08:13.000","arlocallbacks-dev.arlo.com","cname","arlocallbacks-dev-n-689627499.eu-west-1.elb.amazonaws.com","201908"
"2019-08-24 04:08:39.000","arlocallbacks-dev2.arlo.com","cname","arlocallbacks-dev2-n-1171445799.eu-west-1.elb.amazonaws.com","201908"
"2019-08-24 04:09:34.000","arlocallbacks-dev3.arlo.com","cname","arlocallbacksalb-dev3-n-1235347219.eu-west-1.elb.amazonaws.com","201908"
"2019-08-24 04:09:09.000","arlocallbacks-qa.arlo.com","cname","arlocallbacks-qa-n-1541746066.eu-west-1.elb.amazonaws.com","201908"
"2019-08-24 04:08:17.000","arlocallbacks-qa2.arlo.com","cname","arlocallbacks-qa2-n-51834554.eu-west-1.elb.amazonaws.com","201908"
"2019-08-24 04:09:20.000","arlocallbacks-qa3.arlo.com","cname","arlocallbacks-qa3-n-683155703.eu-west-1.elb.amazonaws.com","201908"
"2019-08-24 04:09:06.000","arlocallbacks-staging.arlo.com","cname","arlocallbacks-staging-794620009.eu-west-1.elb.amazonaws.com","201908"
"2019-08-24 04:09:07.000","arlocallbacks.arlo.com","cname","arlocallbacks-473103736.eu-west-1.elb.amazonaws.com","201908"
"2019-08-24 04:08:27.000","arlocommon.arlo.com","cname","d3pbyx5crcw8ip.cloudfront.net","201908"
"2019-08-24 04:08:52.000","arlocs.ar.arlo.com","cname","ArloCSProdALB-887615416.eu-west-1.elb.amazonaws.com","201908"
"2019-08-24 04:08:52.000","arlocs.arlo.com","cname","arlocs.ar.arlo.com","201908"
"2019-08-24 04:14:12.000","arloupdates.arlo.com","cname","arloupdates-1575259411.us-east-1.elb.amazonaws.com","201908"
"2019-08-24 10:25:17.000","investor.arlo.com","cname","webfarm-09.q4web.com","201908"
"2019-08-24 07:47:46.000","eagle.arlo.com","cname","arlopreprodlb-1084684365.eu-west-1.elb.amazonaws.com","201908"
"2019-08-24 04:07:16.000","api.arlo.com","cname","api-823863127.eu-west-1.elb.amazonaws.com","201908"
"2019-08-24 04:05:44.000","apidev.arlo.com","cname","xc-apidev-439396938.eu-west-1.elb.amazonaws.com","201908"
"2019-08-24 04:04:57.000","apiqa.arlo.com","cname","apiqa-199541851.eu-west-1.elb.amazonaws.com","201908"
"2019-08-24 04:06:17.000","apiqa2.arlo.com","cname","api-qa2-1635911294.eu-west-1.elb.amazonaws.com","201908"
"2019-08-24 16:08:07.000","my.arlo.com","cname","arloprodlb-my-arlo-com-358985515.eu-west-1.elb.amazonaws.com","201908"
"2019-08-24 16:11:48.000","myapi-dev.arlo.com","cname","myapi-dev-1129987684.eu-west-1.elb.amazonaws.com","201908"
"2019-08-24 16:16:04.000","myapi-dev3.arlo.com","cname","myapi-dev3-1402519709.eu-west-1.elb.amazonaws.com","201908"
"2019-08-24 16:07:56.000","myapi-dev4.arlo.com","cname","myapi-dev4-249842951.eu-west-1.elb.amazonaws.com","201908"
"2019-08-24 16:10:17.000","myapi-qa.arlo.com","cname","apiproxy-qa-elb-97345118.eu-west-1.elb.amazonaws.com","201908"
"2019-08-24 16:10:55.000","myapi-qa2.arlo.com","cname","apiproxy-qa2-2096813825.eu-west-1.elb.amazonaws.com","201908"
"2019-08-24 16:12:39.000","myapi-qa3.arlo.com","cname","apiproxy-qa3-1449968131.eu-west-1.elb.amazonaws.com","201908"
"2019-08-24 16:07:59.000","myapi-staging.arlo.com","cname","apiproxy-stage-244195931.eu-west-1.elb.amazonaws.com","201908"
"2019-08-24 16:08:28.000","myapi.arlo.com","cname","myapi-prod-1714403824.eu-west-1.elb.amazonaws.com","201908"
"2019-08-24 16:07:42.000","mydev.arlo.com","cname","arlodev-elb-190893948.eu-west-1.elb.amazonaws.com","201908"
"2019-08-24 16:07:50.000","mydev1a.arlo.com","cname","arlodev1a-1374920898.eu-west-1.elb.amazonaws.com","201908"
"2019-08-24 16:07:44.000","mydev1b.arlo.com","cname","arlodev1b-1696666014.eu-west-1.elb.amazonaws.com","201908"
"2019-08-24 16:09:35.000","mydev1c.arlo.com","cname","arlodev1c-308432598.eu-west-1.elb.amazonaws.com","201908"
"2019-08-24 16:10:42.000","mydev1d.arlo.com","cname","arlodev1d-1523292688.eu-west-1.elb.amazonaws.com","201908"
"2019-08-24 16:09:48.000","mydev2.arlo.com","cname","arlodev2lb-n-215336245.eu-west-1.elb.amazonaws.com","201908"
"2019-08-24 16:08:35.000","mydev3.arlo.com","cname","arlowebelb-dev3-n-1627436665.eu-west-1.elb.amazonaws.com","201908"
"2019-08-24 16:07:54.000","mydev3a.arlo.com","cname","arlodev3a-1780140330.eu-west-1.elb.amazonaws.com","201908"
"2019-08-24 16:11:30.000","mydev4.arlo.com","cname","arloweb-dev4-1397622531.eu-west-1.elb.amazonaws.com","201908"
