"2019-08-24 07:21:17.000","dk76.vpn.digitalocean.com","hinfo","DP","201908"
"2019-08-24 19:36:49.000","sysadminday.digitalocean.com","hinfo","DP","201908"
"2019-08-24 17:47:32.000","ping-ams1.digitalocean.com","hinfo","DP","201908"
"2019-08-24 17:36:43.000","ping-ny1.digitalocean.com","hinfo","DP","201908"
"2019-08-24 17:39:12.000","ping-sfo1.digitalocean.com","hinfo","DP","201908"
"2019-08-24 10:21:33.000","iliev.digitalocean.com","hinfo","DP","201908"
"2019-08-24 08:39:48.000","fulltankng.digitalocean.com","hinfo","DP","201908"
"2019-08-24 10:22:41.000","internal.digitalocean.com","hinfo","DP","201908"
"2019-08-24 03:59:41.000","ams2.digitalocean.com","hinfo","DP","201908"
"2019-08-24 04:03:36.000","ams2.internal.digitalocean.com","hinfo","DP","201908"
"2019-08-24 04:05:08.000","ams2.mirrors.digitalocean.com","hinfo","DP","201908"
"2019-08-24 04:00:20.000","ams3.internal.digitalocean.com","hinfo","DP","201908"
"2019-08-24 04:02:18.000","ams3.sonar.digitalocean.com","hinfo","DP","201908"
"2019-08-24 03:59:44.000","ams4.internal.digitalocean.com","hinfo","DP","201908"
"2019-08-24 23:46:31.000","zoofy-api-prod.digitalocean.com","hinfo","DP","201908"
"2019-08-24 08:17:08.000","es01.digitalocean.com","hinfo","DP","201908"
"2019-08-24 16:27:32.000","noakes.digitalocean.com","hinfo","DP","201908"
"2019-08-24 16:44:16.000","no-domain-found.on.saficloud.digitalocean.com","hinfo","DP","201908"
"2019-08-24 16:26:06.000","nns2.digitalocean.com","hinfo","DP","201908"
"2019-08-24 16:15:56.000","nes2.digitalocean.com","hinfo","DP","201908"
"2019-08-24 08:34:01.000","fimbrethil.digitalocean.com","hinfo","DP","201908"
"2019-08-24 08:50:09.000","go.digitalocean.com","hinfo","DP","201908"
"2019-08-24 04:57:38.000","bova.digitalocean.com","hinfo","DP","201908"
"2019-08-24 21:22:06.000","www.api.digitalocean.com","hinfo","DP","201908"
"2019-08-24 07:06:57.000","dev-icinga2-master01.dev0.internal.digitalocean.com","hinfo","DP","201908"
"2019-08-24 07:09:50.000","dev-icinga2-master02.dev0.internal.digitalocean.com","hinfo","DP","201908"
"2019-08-24 07:06:37.000","dev-icinga2-satellite01.dev1.internal.digitalocean.com","hinfo","DP","201908"
"2019-08-24 21:02:59.000","writers.digitalocean.com","hinfo","DP","201908"
"2019-08-24 05:51:25.000","centos-1gb-fra1-01.digitalocean.com","hinfo","DP","201908"
"2019-08-24 05:54:18.000","centos-1gb-lon1-01.digitalocean.com","hinfo","DP","201908"
"2019-08-24 05:50:09.000","centos-2gb-sgp01.digitalocean.com","hinfo","DP","201908"
"2019-08-24 05:52:18.000","centos-s-1vcpu-1gb-fra1-01cloud.digitalocean.com","hinfo","DP","201908"
"2019-08-24 05:53:44.000","centos-s-1vcpu-1gb-lon1-01.digitalocean.com","hinfo","DP","201908"
"2019-08-24 05:51:21.000","centos7.digitalocean.com","hinfo","DP","201908"
"2019-08-24 18:43:09.000","salonwaxbeauty.digitalocean.com","hinfo","DP","201908"
"2019-08-24 18:50:05.000","sammyca.internal.digitalocean.com","hinfo","DP","201908"
"2019-08-24 18:44:24.000","sandheaver.digitalocean.com","hinfo","DP","201908"
"2019-08-24 18:56:32.000","shigueojp.digitalocean.com","hinfo","DP","201908"
"2019-08-24 20:23:52.000","usny.digitalocean.com","hinfo","DP","201908"
"2019-08-24 20:27:04.000","vpsz.digitalocean.com","hinfo","DP","201908"
"2019-08-24 10:08:04.000","html5nyc2.digitalocean.com","hinfo","DP","201908"
"2019-08-24 08:13:52.000","email.support.digitalocean.com","hinfo","DP","201908"
"2019-08-24 18:18:59.000","rachid.cloud.digitalocean.com","hinfo","DP","201908"
"2019-08-24 18:33:56.000","root.ns1.digitalocean.com","hinfo","DP","201908"
"2019-08-24 18:32:23.000","rosha.digitalocean.com","hinfo","DP","201908"
"2019-08-24 18:49:23.000","secondsite.digitalocean.com","hinfo","DP","201908"
"2019-08-24 18:55:54.000","server.digitalocean.com","hinfo","DP","201908"
"2019-08-24 18:53:55.000","server25.digitalocean.com","hinfo","DP","201908"
"2019-08-24 18:50:58.000","server.secure.digitalocean.com","hinfo","DP","201908"
"2019-08-24 18:54:35.000","server1.196.82.digitalocean.com","hinfo","DP","201908"
"2019-08-24 18:57:30.000","server7.digitalocean.com","hinfo","DP","201908"
"2019-08-24 18:53:07.000","setup.digitalocean.com","hinfo","DP","201908"
"2019-08-24 18:51:24.000","severus.digitalocean.com","hinfo","DP","201908"
"2019-08-24 18:55:30.000","sfo1.digitalocean.com","hinfo","DP","201908"
"2019-08-24 18:51:32.000","sfo1.internal.digitalocean.com","hinfo","DP","201908"
"2019-08-24 18:53:34.000","sfo1.mirrors.digitalocean.com","hinfo","DP","201908"
"2019-08-24 18:55:36.000","sgp1.internal.digitalocean.com","hinfo","DP","201908"
"2019-08-24 18:55:39.000","sgp1.mirrors.digitalocean.com","hinfo","DP","201908"
"2019-08-24 20:08:01.000","ubuntu.digitalocean.com","hinfo","DP","201908"
"2019-08-24 03:56:06.000","albus.digitalocean.com","hinfo","DP","201908"
"2019-08-24 05:49:18.000","cesar.digitalocean.com","hinfo","DP","201908"
"2019-08-24 06:02:44.000","cf-ssl40656-protected-www.digitalocean.com","hinfo","DP","201908"
"2019-08-24 10:55:45.000","johan.digitalocean.com","hinfo","DP","201908"
"2019-08-24 08:14:36.000","elandz.digitalocean.com","hinfo","DP","201908"
"2019-08-23 23:13:03.000","100wellness.digitalocean.com","hinfo","DP","201908"
"2019-08-24 16:17:32.000","mysql.digitalocean.com","hinfo","DP","201908"
"2019-08-24 07:37:40.000","developers.digitalocean.com","hinfo","DP","201908"
"2019-08-24 07:09:54.000","devkids.digitalocean.com","hinfo","DP","201908"
"2019-08-24 07:21:39.000","dn2.digitalocean.com","hinfo","DP","201908"
"2019-08-24 07:21:56.000","dn3.digitalocean.com","hinfo","DP","201908"
"2019-08-24 07:23:08.000","dns1.digitalocean.com","hinfo","DP","201908"
"2019-08-24 07:24:12.000","dns2.digitalocean.com","hinfo","DP","201908"
"2019-08-24 07:31:05.000","dns3.digitalocean.com","hinfo","DP","201908"
"2019-08-24 07:26:51.000","dns4.digitalocean.com","hinfo","DP","201908"
"2019-08-24 20:24:15.000","vns3.digitalocean.com","hinfo","DP","201908"
"2019-08-24 20:26:39.000","vocereforma.digitalocean.com","hinfo","DP","201908"
"2019-08-24 20:38:18.000","vpn-nyc2.digitalocean.com","hinfo","DP","201908"
"2019-08-24 20:25:13.000","vpn-nyc3.digitalocean.com","hinfo","DP","201908"
"2019-08-24 20:27:46.000","vpn-sfo1.digitalocean.com","hinfo","DP","201908"
"2019-08-24 20:29:13.000","vpn-sfo2.digitalocean.com","hinfo","DP","201908"
"2019-08-24 20:27:52.000","vpn.digitalocean.com","hinfo","DP","201908"
"2019-08-24 20:25:36.000","vpn.nyc2.digitalocean.com","hinfo","DP","201908"
"2019-08-24 20:26:29.000","vps3.digitalocean.com","hinfo","DP","201908"
"2019-08-24 20:27:53.000","vps4.digitalocean.com","hinfo","DP","201908"
"2019-08-24 20:27:14.000","vps404.digitalocean.com","hinfo","DP","201908"
"2019-08-24 20:26:28.000","vps.digitalocean.com","hinfo","DP","201908"
"2019-08-24 20:27:11.000","vps1.digitalocean.com","hinfo","DP","201908"
"2019-08-24 06:19:57.000","cpanel.digitalocean.com","hinfo","DP","201908"
"2019-08-24 19:28:48.000","srv-56.digitalocean.com","hinfo","DP","201908"
"2019-08-24 19:49:44.000","srv.digitalocean.com","hinfo","DP","201908"
"2019-08-24 19:22:07.000","ssotest.digitalocean.com","hinfo","DP","201908"
"2019-08-24 19:23:59.000","staff.irc.digitalocean.com","hinfo","DP","201908"
"2019-08-24 19:21:44.000","stage-atlantis.internal.digitalocean.com","hinfo","DP","201908"
"2019-08-24 19:27:39.000","stage-es01.nyc2.internal.digitalocean.com","hinfo","DP","201908"
"2019-08-24 19:22:46.000","stage-mysql01.nyc2.internal.digitalocean.com","hinfo","DP","201908"
"2019-08-24 19:24:36.000","stage-postgresql01.nyc2.internal.digitalocean.com","hinfo","DP","201908"
"2019-08-24 19:21:17.000","stage-statswww01.nyc2.internal.digitalocean.com","hinfo","DP","201908"
"2019-08-24 19:21:54.000","stage-www-community01.nyc2.internal.digitalocean.com","hinfo","DP","201908"
"2019-08-24 19:25:56.000","stage-www02.nyc2.internal.digitalocean.com","hinfo","DP","201908"
"2019-08-24 19:28:03.000","stage.digitalocean.com","hinfo","DP","201908"
"2019-08-24 19:24:46.000","stage1.internal.digitalocean.com","hinfo","DP","201908"
"2019-08-24 19:57:50.000","travestidiyari.digitalocean.com","hinfo","DP","201908"
"2019-08-24 18:42:48.000","s1.digitalocean.com","hinfo","DP","201908"
"2019-08-24 18:47:20.000","s2r1.internal.digitalocean.com","hinfo","DP","201908"
"2019-08-24 04:02:20.000","angstrom.digitalocean.com","hinfo","DP","201908"
"2019-08-24 22:39:17.000","www.try.digitalocean.com","hinfo","DP","201908"
"2019-08-24 09:04:48.000","hab01.digitalocean.com","hinfo","DP","201908"
"2019-08-24 09:05:27.000","hacktoberfest.digitalocean.com","hinfo","DP","201908"
"2019-08-24 09:06:49.000","halfling.digitalocean.com","hinfo","DP","201908"
"2019-08-24 19:03:18.000","smartbnbassets.sfo2.cdn.digitalocean.com","hinfo","DP","201908"
"2019-08-24 13:41:47.000","mundosmusic.digitalocean.com","hinfo","DP","201908"
"2019-08-24 13:42:49.000","mvk.digitalocean.com","hinfo","DP","201908"
"2019-08-24 20:49:06.000","webmail.digitalocean.com","hinfo","DP","201908"
"2019-08-24 20:16:46.000","valentines.digitalocean.com","hinfo","DP","201908"
"2019-08-24 12:38:15.000","marina.digitalocean.com","hinfo","DP","201908"
"2019-08-24 12:33:09.000","marketplace-blr1.digitalocean.com","hinfo","DP","201908"
"2019-08-24 12:34:34.000","marketplace-fra1.digitalocean.com","hinfo","DP","201908"
"2019-08-24 12:34:36.000","marketplace-frontend-blr1.digitalocean.com","hinfo","DP","201908"
"2019-08-24 12:35:49.000","marketplace-frontend-fra1.digitalocean.com","hinfo","DP","201908"
"2019-08-24 12:50:54.000","marketplace-frontend-nyc1.digitalocean.com","hinfo","DP","201908"
"2019-08-24 12:31:56.000","marketplace-frontend-sfo2.digitalocean.com","hinfo","DP","201908"
"2019-08-24 12:33:21.000","marketplace-grafana-nyc1.digitalocean.com","hinfo","DP","201908"
"2019-08-24 12:30:48.000","marketplace-grpc-blr1.digitalocean.com","hinfo","DP","201908"
"2019-08-24 12:35:14.000","marketplace-grpc-fra1.digitalocean.com","hinfo","DP","201908"
"2019-08-24 12:32:59.000","marketplace-grpc-nyc1.digitalocean.com","hinfo","DP","201908"
"2019-08-24 12:35:56.000","marketplace-grpc-sfo2.digitalocean.com","hinfo","DP","201908"
"2019-08-24 12:38:16.000","marketplace-nyc1.digitalocean.com","hinfo","DP","201908"
"2019-08-24 12:36:05.000","marketplace-prometheus-blr1.digitalocean.com","hinfo","DP","201908"
"2019-08-24 12:34:30.000","marketplace-prometheus-fra1.digitalocean.com","hinfo","DP","201908"
"2019-08-24 12:31:07.000","marketplace-prometheus-nyc1.digitalocean.com","hinfo","DP","201908"
"2019-08-24 12:32:11.000","marketplace-prometheus-sfo2.digitalocean.com","hinfo","DP","201908"
"2019-08-24 12:31:49.000","marketplace-proxy-blr1.digitalocean.com","hinfo","DP","201908"
"2019-08-24 12:35:58.000","marketplace-proxy-fra1.digitalocean.com","hinfo","DP","201908"
"2019-08-24 12:33:06.000","marketplace-proxy-nyc1.digitalocean.com","hinfo","DP","201908"
"2019-08-24 12:30:57.000","marketplace-proxy-sfo2.digitalocean.com","hinfo","DP","201908"
"2019-08-24 12:43:35.000","marketplace-staging-frontend-blr1.digitalocean.com","hinfo","DP","201908"
"2019-08-24 12:45:01.000","marketplace-staging-frontend-fra1.digitalocean.com","hinfo","DP","201908"
"2019-08-24 12:38:10.000","marketplace-staging-frontend-nyc1.digitalocean.com","hinfo","DP","201908"
"2019-08-24 12:33:06.000","marketplace-staging-frontend-sfo2.digitalocean.com","hinfo","DP","201908"
"2019-08-24 12:37:58.000","marketplace-staging-grafana-blr1.digitalocean.com","hinfo","DP","201908"
"2019-08-24 12:49:36.000","marketplace-staging-grafana-fra1.digitalocean.com","hinfo","DP","201908"
"2019-08-24 12:31:58.000","marketplace-staging-grafana-nyc1.digitalocean.com","hinfo","DP","201908"
"2019-08-24 12:35:28.000","marketplace-staging-grafana-sfo2.digitalocean.com","hinfo","DP","201908"
"2019-08-24 12:44:59.000","marketplace-staging-grpc-blr1.digitalocean.com","hinfo","DP","201908"
"2019-08-24 12:36:33.000","marketplace-staging-grpc-fra1.digitalocean.com","hinfo","DP","201908"
"2019-08-24 12:33:43.000","marketplace-staging-grpc-nyc1.digitalocean.com","hinfo","DP","201908"
"2019-08-24 12:34:20.000","marketplace-staging-grpc-sfo2.digitalocean.com","hinfo","DP","201908"
"2019-08-24 12:36:34.000","marketplace-staging-prometheus-blr1.digitalocean.com","hinfo","DP","201908"
"2019-08-24 12:34:30.000","marketplace-staging-prometheus-fra1.digitalocean.com","hinfo","DP","201908"
"2019-08-24 12:33:50.000","marketplace-staging-prometheus-nyc1.digitalocean.com","hinfo","DP","201908"
"2019-08-24 12:31:40.000","marketplace-staging-prometheus-sfo2.digitalocean.com","hinfo","DP","201908"
"2019-08-24 12:34:22.000","marketplace-staging-proxy-blr1.digitalocean.com","hinfo","DP","201908"
"2019-08-24 12:31:08.000","marketplace-staging-proxy-fra1.digitalocean.com","hinfo","DP","201908"
"2019-08-24 12:45:20.000","marketplace-staging-proxy-nyc1.digitalocean.com","hinfo","DP","201908"
"2019-08-24 12:32:29.000","marketplace-staging-proxy-sfo2.digitalocean.com","hinfo","DP","201908"
"2019-08-24 12:35:17.000","marketplace-staging.digitalocean.com","hinfo","DP","201908"
"2019-08-24 12:38:04.000","marketplace.digitalocean.com","hinfo","DP","201908"
"2019-08-24 10:21:39.000","inbound.digitalocean.com","hinfo","DP","201908"
"2019-08-24 09:15:50.000","hode.digitalocean.com","hinfo","DP","201908"
"2019-08-24 16:31:01.000","ns-src1.digitalocean.com","hinfo","DP","201908"
"2019-08-24 16:30:04.000","ns-src2.digitalocean.com","hinfo","DP","201908"
"2019-08-24 16:29:01.000","ns-src3.digitalocean.com","hinfo","DP","201908"
"2019-08-24 16:30:55.000","ns.digitalocean.com","hinfo","DP","201908"
"2019-08-24 16:30:39.000","ns02.digitalocean.com","hinfo","DP","201908"
"2019-08-24 16:31:41.000","ns03.digitalocean.com","hinfo","DP","201908"
"2019-08-24 16:34:17.000","ns0.digitalocean.com","hinfo","DP","201908"
"2019-08-24 16:29:34.000","ns01.digitalocean.com","hinfo","DP","201908"
"2019-08-24 16:30:45.000","ns1.box.digitalocean.com","hinfo","DP","201908"
"2019-08-24 16:30:20.000","ns1.digitalocean.com","a","173.245.58.51","201908"
"2019-08-24 04:08:29.000","ns1.digitalocean.com","hinfo","DP","201908"
"2019-08-24 16:31:09.000","ns1.digitalocean.comns1.digitalocean.com","hinfo","DP","201908"
"2019-08-24 16:39:49.000","ns1.digitalocean.comns3.digitalocean.com","hinfo","DP","201908"
"2019-08-24 16:35:09.000","ns10.digitalocean.com","hinfo","DP","201908"
"2019-08-24 16:34:02.000","ns11.digitalocean.com","hinfo","DP","201908"
"2019-08-24 16:37:20.000","ns11123123.digitalocean.com","hinfo","DP","201908"
"2019-08-24 16:40:29.000","ns12.digitalocean.com","hinfo","DP","201908"
"2019-08-24 16:33:25.000","ns13.digitalocean.com","hinfo","DP","201908"
"2019-08-24 16:32:38.000","ns2.box.digitalocean.com","hinfo","DP","201908"
"2019-08-24 16:32:25.000","ns2.digitalocean.com","a","173.245.59.41","201908"
"2019-08-24 07:24:24.000","ns2.digitalocean.com","hinfo","DP","201908"
"2019-08-24 16:34:56.000","ns31.digitalocean.com","hinfo","DP","201908"
"2019-08-24 16:33:05.000","ns33.digitalocean.com","hinfo","DP","201908"
"2019-08-24 16:32:11.000","ns21.digitalocean.com","hinfo","DP","201908"
"2019-08-24 16:33:15.000","ns22.digitalocean.com","hinfo","DP","201908"
"2019-08-24 16:36:01.000","ns23.digitalocean.com","hinfo","DP","201908"
"2019-08-24 19:43:26.000","test-imgmt-index.dev0.internal.digitalocean.com","hinfo","DP","201908"
"2019-08-24 19:47:35.000","test-imgmt-mon.dev0.internal.digitalocean.com","hinfo","DP","201908"
"2019-08-24 19:43:43.000","test-lb01-imgmt01.dev0.internal.digitalocean.com","hinfo","DP","201908"
"2019-08-24 19:45:05.000","test-lb01-object01.dev0.internal.digitalocean.com","hinfo","DP","201908"
"2019-08-24 19:43:10.000","test-lb01.dev0.internal.digitalocean.com","hinfo","DP","201908"
"2019-08-24 19:43:07.000","test-server.digitalocean.com","hinfo","DP","201908"
"2019-08-24 19:46:09.000","test.digitalocean.com","hinfo","DP","201908"
"2019-08-24 19:43:41.000","test.internal.digitalocean.com","hinfo","DP","201908"
"2019-08-24 19:53:42.000","testvpn.digitalocean.com","hinfo","DP","201908"
"2019-08-24 18:59:20.000","server-02.digitalocean.com","hinfo","DP","201908"
"2019-08-24 19:00:37.000","server-03.digitalocean.com","hinfo","DP","201908"
"2019-08-24 18:51:10.000","server-04.digitalocean.com","hinfo","DP","201908"
"2019-08-24 19:00:13.000","server-05.digitalocean.com","hinfo","DP","201908"
"2019-08-24 18:51:45.000","server1.digitalocean.com","hinfo","DP","201908"
"2019-08-24 18:52:19.000","server123.digitalocean.com","hinfo","DP","201908"
"2019-08-24 11:27:40.000","ldappass.digitalocean.com","hinfo","DP","201908"
"2019-08-24 11:31:42.000","lealhost.digitalocean.com","hinfo","DP","201908"
"2019-08-24 21:03:59.000","wns3.digitalocean.com","hinfo","DP","201908"
"2019-08-24 20:57:14.000","whm.digitalocean.com","hinfo","DP","201908"
"2019-08-24 11:12:54.000","kibana-deprecated.internal.digitalocean.com","hinfo","DP","201908"
"2019-08-24 11:20:09.000","kibana-test.internal.digitalocean.com","hinfo","DP","201908"
"2019-08-24 11:11:39.000","kibana.internal.digitalocean.com","hinfo","DP","201908"
"2019-08-24 10:56:42.000","je.digitalocean.com","hinfo","DP","201908"
"2019-08-24 10:17:10.000","icinga2-satellite01.dev1.internal.digitalocean.com","hinfo","DP","201908"
"2019-08-24 10:19:29.000","icingadistr01.dev1.internal.digitalocean.com","hinfo","DP","201908"
"2019-08-24 10:24:27.000","ideas.digitalocean.com","hinfo","DP","201908"
"2019-08-24 06:15:37.000","console-ams2.digitalocean.com","hinfo","DP","201908"
"2019-08-24 06:21:27.000","console-ams3.digitalocean.com","hinfo","DP","201908"
"2019-08-24 06:16:07.000","console-blr1.digitalocean.com","hinfo","DP","201908"
"2019-08-24 06:15:30.000","console-fra1.digitalocean.com","hinfo","DP","201908"
"2019-08-24 06:16:53.000","console-lon1.digitalocean.com","hinfo","DP","201908"
"2019-08-24 06:15:39.000","console-nbg1.digitalocean.com","hinfo","DP","201908"
"2019-08-24 06:16:34.000","console-nyc2.digitalocean.com","hinfo","DP","201908"
"2019-08-24 06:16:55.000","console-nyc3.digitalocean.com","hinfo","DP","201908"
"2019-08-24 06:16:26.000","console-sfo1.digitalocean.com","hinfo","DP","201908"
"2019-08-24 06:20:13.000","console-sfo2.digitalocean.com","hinfo","DP","201908"
"2019-08-24 06:16:34.000","console-sgp1.digitalocean.com","hinfo","DP","201908"
"2019-08-24 06:23:51.000","console-tor1.digitalocean.com","hinfo","DP","201908"
"2019-08-24 11:47:08.000","m1.digitalocean.com","hinfo","DP","201908"
"2019-08-24 20:56:26.000","wellness.digitalocean.com","hinfo","DP","201908"
"2019-08-24 04:10:15.000","assets.digitalocean.com","hinfo","DP","201908"
"2019-08-24 06:02:34.000","cloud.digitalocean.com","hinfo","DP","201908"
"2019-08-24 06:02:02.000","cloudsupport.digitalocean.com","hinfo","DP","201908"
"2019-08-24 03:37:03.000","admin.digitalocean.com","hinfo","DP","201908"
"2019-08-24 17:27:41.000","payd-test.digitalocean.com","hinfo","DP","201908"
"2019-08-24 13:19:24.000","ms3.digitalocean.com","hinfo","DP","201908"
"2019-08-24 16:40:01.000","nw3.digitalocean.com","hinfo","DP","201908"
"2019-08-24 16:42:25.000","nws2.digitalocean.com","hinfo","DP","201908"
"2019-08-24 16:40:17.000","nyc.digitalocean.com","hinfo","DP","201908"
"2019-08-24 16:41:46.000","nyc1.sonar.digitalocean.com","hinfo","DP","201908"
"2019-08-24 16:55:05.000","nyc2.digitalocean.com","hinfo","DP","201908"
"2019-08-24 16:38:50.000","nyc2.internal.digitalocean.com","hinfo","DP","201908"
"2019-08-24 16:39:23.000","nyc2.mirrors.digitalocean.com","hinfo","DP","201908"
"2019-08-24 16:40:36.000","nyc2.mirrortest.digitalocean.com","hinfo","DP","201908"
"2019-08-24 16:39:13.000","nyc2.sonar.digitalocean.com","hinfo","DP","201908"
"2019-08-24 16:40:47.000","nyc2edge1.digitalocean.com","hinfo","DP","201908"
"2019-08-24 16:43:52.000","nyc3.digitalocean.com","hinfo","DP","201908"
"2019-08-24 16:39:27.000","nyc3.internal.digitalocean.com","hinfo","DP","201908"
"2019-08-24 16:43:48.000","nyc3.sonar.digitalocean.com","hinfo","DP","201908"
"2019-08-24 16:38:47.000","nyc3edge1.digitalocean.com","hinfo","DP","201908"
"2019-08-24 16:49:55.000","nyender.digitalocean.com","hinfo","DP","201908"
"2019-08-24 16:43:18.000","o1.outbound-sg.digitalocean.com","hinfo","DP","201908"
"2019-08-24 16:42:49.000","o1.sendgrid.digitalocean.com","hinfo","DP","201908"
"2019-08-24 17:02:59.000","obj-lb.dev0.internal.digitalocean.com","hinfo","DP","201908"
"2019-08-24 16:53:27.000","onlus-01.digitalocean.com","hinfo","DP","201908"
"2019-08-24 17:10:25.000","openldap1.digitalocean.com","hinfo","DP","201908"
"2019-08-24 22:48:12.000","www1.digitalocean.com","hinfo","DP","201908"
"2019-08-24 22:56:45.000","wwww.digitalocean.com","hinfo","DP","201908"
"2019-08-24 08:52:22.000","github.internal.digitalocean.com","hinfo","DP","201908"
"2019-08-24 17:28:09.000","packer-debian-7-amd64.digitalocean.com","hinfo","DP","201908"
"2019-08-24 17:27:44.000","packer-debian-7-i386.digitalocean.com","hinfo","DP","201908"
"2019-08-24 17:24:26.000","packer-debian-8-amd64.digitalocean.com","hinfo","DP","201908"
"2019-08-24 17:30:27.000","pages.news.digitalocean.com","hinfo","DP","201908"
"2019-08-24 18:01:04.000","pages.support.digitalocean.com","hinfo","DP","201908"
"2019-08-24 08:45:17.000","gaming.digitalocean.com","hinfo","DP","201908"
"2019-08-24 08:50:46.000","garjanis.digitalocean.com","hinfo","DP","201908"
"2019-08-24 08:43:56.000","garjanisbackup.digitalocean.com","hinfo","DP","201908"
"2019-08-24 08:58:23.000","gate1.digitalocean.com","hinfo","DP","201908"
"2019-08-24 08:14:48.000","enjoychemistry.digitalocean.com","hinfo","DP","201908"
"2019-08-24 08:17:46.000","epitychia-it-solutions.digitalocean.com","hinfo","DP","201908"
"2019-08-24 08:18:46.000","eqix-ny7.digitalocean.com","hinfo","DP","201908"
"2019-08-24 08:15:53.000","eqix-sv1.digitalocean.com","hinfo","DP","201908"
"2019-08-24 08:28:27.000","eqix-sv9.digitalocean.com","hinfo","DP","201908"
"2019-08-24 07:01:23.000","dallas.nyc3.internal.digitalocean.com","hinfo","DP","201908"
"2019-08-24 12:29:17.000","mailstore1.digitalocean.com","hinfo","DP","201908"
"2019-08-24 07:07:25.000","de-cx.nyc.digitalocean.com","hinfo","DP","201908"
"2019-08-24 07:05:29.000","defaultdroplet1-nologin-zmvm-ys52zry.dev0.internal.digitalocean.com","hinfo","DP","201908"
"2019-08-24 07:06:48.000","defaultdropletu-nologin-smerwinx1-a60r8bt.dev0.internal.digitalocean.com","hinfo","DP","201908"
"2019-08-24 07:17:13.000","defaultdropletu-root-4bb08deb32ba408573e5c36-zpzlvg6.dev0.internal.digitalocean.com","hinfo","DP","201908"
"2019-08-24 07:04:28.000","defaultdropletu-root-7b1f947118c045226e00750-clesl6z.dev0.internal.digitalocean.com","hinfo","DP","201908"
"2019-08-24 07:09:50.000","defaultdropletu-root-87e98be849714dc156834dc-q4dv807.dev0.internal.digitalocean.com","hinfo","DP","201908"
"2019-08-24 07:06:20.000","defaultdropletu-root-93b597fcffa2467b6bcfc5d-318cq7g.dev0.internal.digitalocean.com","hinfo","DP","201908"
"2019-08-24 07:04:23.000","defaultdropletu-root-ae4bfc074d0c40a053039b0-5f1xgu9.dev0.internal.digitalocean.com","hinfo","DP","201908"
"2019-08-24 07:09:35.000","defaultdropletu-root-ae8528e16f2b49257910492-it1m1cd.dev0.internal.digitalocean.com","hinfo","DP","201908"
"2019-08-24 07:04:08.000","defaultdropletu-root-bd6fa1f2148e48af7ba9117-7c1du7z.dev0.internal.digitalocean.com","hinfo","DP","201908"
"2019-08-24 07:06:10.000","defaultphysical-nologin-smerwinx1-9zljnbz.dev0.internal.digitalocean.com","hinfo","DP","201908"
"2019-08-24 07:05:15.000","defaultphysical-nologin-zmvm-sst7joy.dev0.internal.digitalocean.com","hinfo","DP","201908"
"2019-08-24 07:08:15.000","defaultphysical-nologin-zmwkstnnbg1internaldigi-4mbf7hh.dev0.internal.digitalocean.com","hinfo","DP","201908"
"2019-08-24 07:06:04.000","defaultphysical-root-4bb08deb32ba408573e5c36-sob2g3s.dev0.internal.digitalocean.com","hinfo","DP","201908"
"2019-08-24 07:04:25.000","defaultphysical-root-7b1f947118c045226e00750-stoz4w3.dev0.internal.digitalocean.com","hinfo","DP","201908"
"2019-08-24 07:08:08.000","defaultphysical-root-87e98be849714dc156834dc-ntevx5m.dev0.internal.digitalocean.com","hinfo","DP","201908"
"2019-08-24 07:09:31.000","defaultphysical-root-93b597fcffa2467b6bcfc5d-wgcpn32.dev0.internal.digitalocean.com","hinfo","DP","201908"
"2019-08-24 07:05:56.000","defaultphysical-root-986db04ea20f481164c93ee-2az4cyi.dev0.internal.digitalocean.com","hinfo","DP","201908"
"2019-08-24 07:17:20.000","defaultphysical-root-ae4bfc074d0c40a053039b0-mdfngc4.dev0.internal.digitalocean.com","hinfo","DP","201908"
"2019-08-24 07:12:53.000","defaultphysical-root-ae8528e16f2b49257910492-3kk96x6.dev0.internal.digitalocean.com","hinfo","DP","201908"
"2019-08-24 07:07:04.000","defaultphysical-root-bd6fa1f2148e48af7ba9117-qnjzjon.dev0.internal.digitalocean.com","hinfo","DP","201908"
"2019-08-24 07:04:43.000","defaultubuntu18-nologin-linuxkit025000000001-om14hpw.dev0.internal.digitalocean.com","hinfo","DP","201908"
"2019-08-24 07:09:22.000","defaultubuntu18-nologin-localhostlocaldomain-1qrc2eu.dev0.internal.digitalocean.com","hinfo","DP","201908"
"2019-08-24 07:05:26.000","defaultubuntu18-root-0f72cd4add084ac64c01fb2-oog7wj2.dev0.internal.digitalocean.com","hinfo","DP","201908"
"2019-08-24 07:04:58.000","defaultubuntu18-root-d24022edc78d42c1439bc15-mdcwlet.dev0.internal.digitalocean.com","hinfo","DP","201908"
"2019-08-24 07:08:58.000","defaultubuntu18-root-e043de0fb880430051473f6-dni8306.dev0.internal.digitalocean.com","hinfo","DP","201908"
"2019-08-24 03:37:03.000","adshare.digitalocean.com","hinfo","DP","201908"
"2019-08-24 18:22:54.000","razerhack.digitalocean.com","hinfo","DP","201908"
"2019-08-24 08:33:09.000","example.dev.internal.digitalocean.com","hinfo","DP","201908"
"2019-08-24 08:20:41.000","exchange666.digitalocean.com","hinfo","DP","201908"
"2019-08-24 23:11:58.000","yellowleafz.digitalocean.com","hinfo","DP","201908"
"2019-08-24 03:05:28.000","_dmarc.info.digitalocean.com","hinfo","DP","201908"
"2019-08-24 11:29:00.000","lau.bytwsox4.digitalocean.com","hinfo","DP","201908"
"2019-08-24 18:03:28.000","prod-adns-proxysql-01.nyc2.internal.digitalocean.com","hinfo","DP","201908"
"2019-08-24 18:14:58.000","prod-api01.nyc2.internal.digitalocean.com","hinfo","DP","201908"
"2019-08-24 18:02:08.000","prod-api02.nyc2.internal.digitalocean.com","hinfo","DP","201908"
"2019-08-24 18:02:45.000","prod-api03.nyc2.internal.digitalocean.com","hinfo","DP","201908"
"2019-08-24 18:03:06.000","prod-api04.nyc2.internal.digitalocean.com","hinfo","DP","201908"
"2019-08-24 18:04:43.000","prod-api05.nyc2.internal.digitalocean.com","hinfo","DP","201908"
"2019-08-24 18:02:30.000","prod-api06.nyc2.internal.digitalocean.com","hinfo","DP","201908"
"2019-08-24 18:01:15.000","prod-atlantis02.nyc2.internal.digitalocean.com","hinfo","DP","201908"
"2019-08-24 18:02:13.000","prod-berksapi01.nyc2.internal.digitalocean.com","hinfo","DP","201908"
"2019-08-24 18:01:33.000","prod-billing01.nyc2.internal.digitalocean.com","hinfo","DP","201908"
"2019-08-24 18:03:47.000","prod-billingworker01.nyc2.internal.digitalocean.com","hinfo","DP","201908"
"2019-08-24 18:07:44.000","prod-billingworker02.nyc2.internal.digitalocean.com","hinfo","DP","201908"
"2019-08-24 18:02:07.000","prod-billingworker03.nyc2.internal.digitalocean.com","hinfo","DP","201908"
"2019-08-24 18:00:40.000","prod-billingworker04.nyc2.internal.digitalocean.com","hinfo","DP","201908"
"2019-08-24 18:01:23.000","prod-billingworker05.nyc2.internal.digitalocean.com","hinfo","DP","201908"
"2019-08-24 18:02:02.000","prod-billingworker06.nyc2.internal.digitalocean.com","hinfo","DP","201908"
"2019-08-24 18:02:12.000","prod-billingworker07.nyc2.internal.digitalocean.com","hinfo","DP","201908"
"2019-08-24 18:05:34.000","prod-billingworker08.nyc2.internal.digitalocean.com","hinfo","DP","201908"
"2019-08-24 18:02:06.000","prod-careers01.nyc2.internal.digitalocean.com","hinfo","DP","201908"
"2019-08-24 18:06:08.000","prod-commentator01.nyc2.internal.digitalocean.com","hinfo","DP","201908"
"2019-08-24 18:01:21.000","prod-converterqueue01.ams2.internal.digitalocean.com","hinfo","DP","201908"
"2019-08-24 18:01:53.000","prod-converterqueue01.ams3.internal.digitalocean.com","hinfo","DP","201908"
"2019-08-24 18:04:37.000","prod-converterqueue01.ams4.internal.digitalocean.com","hinfo","DP","201908"
"2019-08-24 18:01:08.000","prod-converterqueue01.lon1.internal.digitalocean.com","hinfo","DP","201908"
"2019-08-24 18:00:57.000","prod-converterqueue01.nbg1.internal.digitalocean.com","hinfo","DP","201908"
"2019-08-24 18:16:24.000","prod-converterqueue01.nyc2.internal.digitalocean.com","hinfo","DP","201908"
"2019-08-24 18:03:55.000","prod-converterqueue01.sfo1.internal.digitalocean.com","hinfo","DP","201908"
"2019-08-24 18:01:21.000","prod-converterqueue01.sgp1.internal.digitalocean.com","hinfo","DP","201908"
"2019-08-24 18:05:42.000","prod-dashboard01.nyc2.internal.digitalocean.com","hinfo","DP","201908"
"2019-08-24 18:01:09.000","prod-dns01.ams2.internal.digitalocean.com","hinfo","DP","201908"
"2019-08-24 18:06:47.000","prod-dns01.nbg1.internal.digitalocean.com","hinfo","DP","201908"
"2019-08-24 18:00:43.000","prod-dns01.sgp1.internal.digitalocean.com","hinfo","DP","201908"
"2019-08-24 18:12:09.000","prod-dns02.sgp1.internal.digitalocean.com","hinfo","DP","201908"
"2019-08-24 18:02:40.000","prod-docker-index01.nyc2.internal.digitalocean.com","hinfo","DP","201908"
"2019-08-24 18:01:22.000","prod-drone01.nyc2.internal.digitalocean.com","hinfo","DP","201908"
"2019-08-24 18:01:09.000","prod-dronemariadb01.nyc2.internal.digitalocean.com","hinfo","DP","201908"
"2019-08-24 18:01:49.000","prod-eventlog01.nyc2.internal.digitalocean.com","hinfo","DP","201908"
"2019-08-24 18:12:40.000","prod-eventlog03.nyc2.internal.digitalocean.com","hinfo","DP","201908"
"2019-08-24 18:01:04.000","prod-eventlog04.nyc2.internal.digitalocean.com","hinfo","DP","201908"
"2019-08-24 18:15:48.000","prod-graphite-metrics01.nyc2.internal.digitalocean.com","hinfo","DP","201908"
"2019-08-24 18:00:38.000","prod-graphite-relay01.nyc2.internal.digitalocean.com","hinfo","DP","201908"
"2019-08-24 18:13:22.000","prod-graphite-relay02.nyc2.internal.digitalocean.com","hinfo","DP","201908"
"2019-08-24 18:01:31.000","prod-graphite-relay03.nyc2.internal.digitalocean.com","hinfo","DP","201908"
"2019-08-24 18:02:05.000","prod-graphite-relay04.nyc2.internal.digitalocean.com","hinfo","DP","201908"
"2019-08-24 18:03:53.000","prod-graphite01.ams2.internal.digitalocean.com","hinfo","DP","201908"
"2019-08-24 18:00:41.000","prod-graphite01.ams4.internal.digitalocean.com","hinfo","DP","201908"
"2019-08-24 18:01:41.000","prod-graphite01.lon1.internal.digitalocean.com","hinfo","DP","201908"
"2019-08-24 18:01:25.000","prod-graphite01.nbg1.internal.digitalocean.com","hinfo","DP","201908"
"2019-08-24 18:03:04.000","prod-graphite01.nyc2.internal.digitalocean.com","hinfo","DP","201908"
"2019-08-24 18:07:13.000","prod-graphite01.sfo1.internal.digitalocean.com","hinfo","DP","201908"
"2019-08-24 18:01:24.000","prod-graphite01.sgp1.internal.digitalocean.com","hinfo","DP","201908"
"2019-08-24 18:05:56.000","prod-graphite02.ams2.internal.digitalocean.com","hinfo","DP","201908"
"2019-08-24 18:05:19.000","prod-graphite02.ams4.internal.digitalocean.com","hinfo","DP","201908"
"2019-08-24 18:00:50.000","prod-graphite02.lon1.internal.digitalocean.com","hinfo","DP","201908"
"2019-08-24 18:06:43.000","prod-graphite02.nbg1.internal.digitalocean.com","hinfo","DP","201908"
"2019-08-24 18:02:19.000","prod-graphite02.nyc2.internal.digitalocean.com","hinfo","DP","201908"
"2019-08-24 18:01:06.000","prod-graphite02.sfo1.internal.digitalocean.com","hinfo","DP","201908"
"2019-08-24 18:02:47.000","prod-graphite02.sgp1.internal.digitalocean.com","hinfo","DP","201908"
"2019-08-24 18:00:50.000","prod-icingadistr01.lon1.internal.digitalocean.com","hinfo","DP","201908"
"2019-08-24 18:02:25.000","prod-icingadistr02.nyc3.internal.digitalocean.com","hinfo","DP","201908"
"2019-08-24 18:02:07.000","prod-lb01-object01.fra1.internal.digitalocean.com","hinfo","DP","201908"
"2019-08-24 18:13:44.000","prod-lb01-object01.sgp1.internal.digitalocean.com","hinfo","DP","201908"
"2019-08-24 18:03:01.000","prod-logstashes01.nyc2.internal.digitalocean.com","hinfo","DP","201908"
"2019-08-24 18:01:31.000","prod-logstashes02.nyc2.internal.digitalocean.com","hinfo","DP","201908"
"2019-08-24 18:07:33.000","prod-logstashes03.nyc2.internal.digitalocean.com","hinfo","DP","201908"
"2019-08-24 18:06:51.000","prod-logstashindex01.nyc2.internal.digitalocean.com","hinfo","DP","201908"
"2019-08-24 18:03:03.000","prod-logstashindex02.nyc2.internal.digitalocean.com","hinfo","DP","201908"
"2019-08-24 18:04:32.000","prod-mailer01.nyc2.internal.digitalocean.com","hinfo","DP","201908"
"2019-08-24 18:06:39.000","prod-mariadbreportingslave01.nyc2.internal.digitalocean.com","hinfo","DP","201908"
"2019-08-24 18:04:29.000","prod-mariadbreportingslave02.nyc2.internal.digitalocean.com","hinfo","DP","201908"
"2019-08-24 18:04:53.000","prod-mariadbreportingslave03.nyc2.internal.digitalocean.com","hinfo","DP","201908"
"2019-08-24 18:17:41.000","prod-mariadbreportingslave05.nyc2.internal.digitalocean.com","hinfo","DP","201908"
"2019-08-24 18:04:18.000","prod-metrics-statsd01.nyc2.internal.digitalocean.com","hinfo","DP","201908"
"2019-08-24 18:06:00.000","prod-netsla01.sgp1.internal.digitalocean.com","hinfo","DP","201908"
"2019-08-24 18:06:18.000","prod-netsla02.tor1.internal.digitalocean.com","hinfo","DP","201908"
"2019-08-24 18:01:31.000","prod-nssrc1.nyc2.digitalocean.com","hinfo","DP","201908"
"2019-08-24 18:12:33.000","prod-nssrc2.ams2.digitalocean.com","hinfo","DP","201908"
"2019-08-24 18:03:29.000","prod-nssrc3.sfo1.digitalocean.com","hinfo","DP","201908"
"2019-08-24 18:05:37.000","prod-opslb01.ams2.internal.digitalocean.com","hinfo","DP","201908"
"2019-08-24 18:00:40.000","prod-opslb01.ams4.internal.digitalocean.com","hinfo","DP","201908"
"2019-08-24 18:02:37.000","prod-opslb01.nbg1.internal.digitalocean.com","hinfo","DP","201908"
"2019-08-24 18:06:00.000","prod-opslb01.nyc2.internal.digitalocean.com","hinfo","DP","201908"
"2019-08-24 18:06:36.000","prod-opslb01.sfo1.internal.digitalocean.com","hinfo","DP","201908"
"2019-08-24 18:01:59.000","prod-opslb01.sgp1.internal.digitalocean.com","hinfo","DP","201908"
"2019-08-24 18:06:14.000","prod-opslb02.nyc2.internal.digitalocean.com","hinfo","DP","201908"
"2019-08-24 18:01:51.000","prod-opslb03.nyc2.internal.digitalocean.com","hinfo","DP","201908"
"2019-08-24 18:02:05.000","prod-pdns09.sgp1.internal.digitalocean.com","hinfo","DP","201908"
"2019-08-24 18:00:50.000","prod-postgresql01.nyc2.internal.digitalocean.com","hinfo","DP","201908"
"2019-08-24 18:03:46.000","prod-rabbitmq01.nyc2.internal.digitalocean.com","hinfo","DP","201908"
"2019-08-24 18:04:10.000","prod-rabbitmq02.nyc2.internal.digitalocean.com","hinfo","DP","201908"
"2019-08-24 18:01:34.000","prod-rabbitmq03.nyc2.internal.digitalocean.com","hinfo","DP","201908"
"2019-08-24 18:00:44.000","prod-redis01.ams3.internal.digitalocean.com","hinfo","DP","201908"
"2019-08-24 18:05:21.000","prod-redis01.lon1.internal.digitalocean.com","hinfo","DP","201908"
"2019-08-24 18:07:58.000","prod-redis02.lon1.internal.digitalocean.com","hinfo","DP","201908"
"2019-08-24 18:15:12.000","prod-resolver01.tor1.internal.digitalocean.com","hinfo","DP","201908"
"2019-08-24 18:08:06.000","prod-resolver02.tor1.internal.digitalocean.com","hinfo","DP","201908"
"2019-08-24 18:01:10.000","prod-sensor01.lon1.internal.digitalocean.com","hinfo","DP","201908"
"2019-08-24 18:01:52.000","prod-shim01.nyc3.internal.digitalocean.com","hinfo","DP","201908"
"2019-08-24 18:00:59.000","prod-shim02.nyc3.internal.digitalocean.com","hinfo","DP","201908"
"2019-08-24 18:00:48.000","prod-staticwww01.nyc2.internal.digitalocean.com","hinfo","DP","201908"
"2019-08-24 18:22:36.000","prod-staticwww02.nyc2.internal.digitalocean.com","hinfo","DP","201908"
"2019-08-24 18:01:38.000","prod-stats02.sgp1.internal.digitalocean.com","hinfo","DP","201908"
"2019-08-24 18:11:18.000","prod-statsd01.nyc2.internal.digitalocean.com","hinfo","DP","201908"
"2019-08-24 18:17:48.000","prod-timeseries-sonarlb01.sfo2.internal.digitalocean.com","hinfo","DP","201908"
"2019-08-24 18:10:06.000","prod-timeseries-sonarlb02.sfo2.internal.digitalocean.com","hinfo","DP","201908"
"2019-08-24 18:04:55.000","prod-wanguard01.ams2.internal.digitalocean.com","hinfo","DP","201908"
"2019-08-24 18:04:20.000","prod-wanguard01.ams3.internal.digitalocean.com","hinfo","DP","201908"
"2019-08-24 18:00:30.000","prod-wanguard01.blr1.internal.digitalocean.com","hinfo","DP","201908"
"2019-08-24 18:05:15.000","prod-wanguard01.lon1.internal.digitalocean.com","hinfo","DP","201908"
"2019-08-24 18:02:28.000","prod-wanguard01.nbg1.internal.digitalocean.com","hinfo","DP","201908"
"2019-08-24 18:04:05.000","prod-wanguard01.nyc2.internal.digitalocean.com","hinfo","DP","201908"
"2019-08-24 18:02:28.000","prod-wanguard01.nyc3.internal.digitalocean.com","hinfo","DP","201908"
"2019-08-24 18:01:58.000","prod-wanguard01.sfo1.internal.digitalocean.com","hinfo","DP","201908"
"2019-08-24 18:01:42.000","prod-wanguard01.sfo2.internal.digitalocean.com","hinfo","DP","201908"
"2019-08-24 18:01:25.000","prod-wanguard01.sgp1.internal.digitalocean.com","hinfo","DP","201908"
"2019-08-24 18:06:52.000","prod-wanguard01.tor1.internal.digitalocean.com","hinfo","DP","201908"
"2019-08-24 18:01:23.000","prod-wanguard02.fra1.internal.digitalocean.com","hinfo","DP","201908"
"2019-08-24 18:15:19.000","prod-wanguard02.nyc2.internal.digitalocean.com","hinfo","DP","201908"
"2019-08-24 18:05:14.000","prod-www-community01.nyc2.internal.digitalocean.com","hinfo","DP","201908"
"2019-08-24 18:03:24.000","prod-www-community02.nyc2.internal.digitalocean.com","hinfo","DP","201908"
"2019-08-24 18:14:01.000","prod-www-community03.nyc2.internal.digitalocean.com","hinfo","DP","201908"
"2019-08-24 18:04:55.000","prod-www06.nyc2.internal.digitalocean.com","hinfo","DP","201908"
"2019-08-24 05:08:04.000","bwsr.digitalocean.com","hinfo","DP","201908"
"2019-08-24 20:36:17.000","webdev.digitalocean.com","hinfo","DP","201908"
"2019-08-24 02:58:29.000","91-143-81-115.digitalocean.com","hinfo","DP","201908"
"2019-08-24 02:50:32.000","91-143-81-120.bud.digitalocean.com","hinfo","DP","201908"
"2019-08-24 02:52:05.000","91-143-81-128.mvk.digitalocean.com","hinfo","DP","201908"
"2019-08-24 18:41:21.000","s3.digitalocean.com","hinfo","DP","201908"
"2019-08-24 18:43:59.000","sally.digitalocean.com","hinfo","DP","201908"
"2019-08-24 03:59:26.000","ama.digitalocean.com","hinfo","DP","201908"
"2019-08-24 09:14:15.000","hefestus.digitalocean.com","hinfo","DP","201908"
"2019-08-24 09:21:27.000","help.nyc3.internal.digitalocean.com","hinfo","DP","201908"
"2019-08-24 10:44:25.000","irc.digitalocean.com","hinfo","DP","201908"
"2019-08-24 10:45:56.000","itindustry.digitalocean.com","hinfo","DP","201908"
"2019-08-24 18:48:43.000","sarge.digitalocean.com","hinfo","DP","201908"
"2019-08-24 16:11:58.000","nativebay.digitalocean.com","hinfo","DP","201908"
"2019-08-24 16:17:34.000","nbg1.internal.digitalocean.com","hinfo","DP","201908"
"2019-08-24 16:14:30.000","nc3.digitalocean.com","hinfo","DP","201908"
"2019-08-24 16:12:39.000","nd3.digitalocean.com","hinfo","DP","201908"
"2019-08-24 18:24:57.000","repos.insights.digitalocean.com","hinfo","DP","201908"
"2019-08-24 18:27:26.000","repos.sonar.digitalocean.com","hinfo","DP","201908"
"2019-08-24 07:57:21.000","e1fee68fa4fdfd43050c5a98cedbfd02.32b6f0645f4506c22f5fad92267826bb.digitalocean.com","hinfo","DP","201908"
"2019-08-24 17:03:45.000","os1.digitalocean.com","hinfo","DP","201908"
"2019-08-24 05:45:06.000","careers.digitalocean.com","hinfo","DP","201908"
"2019-08-24 17:36:58.000","pezi.digitalocean.com","hinfo","DP","201908"
"2019-08-24 12:28:53.000","mako.digitalocean.com","hinfo","DP","201908"
"2019-08-24 12:30:03.000","mania.digitalocean.com","hinfo","DP","201908"
"2019-08-24 18:56:22.000","shoe.digitalocean.com","hinfo","DP","201908"
"2019-08-24 04:14:24.000","artasian.digitalocean.com","hinfo","DP","201908"
"2019-08-24 08:43:59.000","forum.digitalocean.com","hinfo","DP","201908"
"2019-08-24 21:36:09.000","www.digitalocean.com","hinfo","DP","201908"
"2019-08-24 21:30:23.000","www.beta.digitalocean.com","hinfo","DP","201908"
"2019-08-24 11:50:22.000","m4.digitalocean.com","hinfo","DP","201908"
"2019-08-24 16:36:07.000","ns3.box.digitalocean.com","hinfo","DP","201908"
"2019-08-24 07:26:22.000","ns3.digitalocean.com","hinfo","DP","201908"
"2019-08-24 17:05:28.000","ns4.digitalocean.com","hinfo","DP","201908"
"2019-08-24 16:34:45.000","ns5.digitalocean.com","hinfo","DP","201908"
"2019-08-24 16:34:50.000","ns6.digitalocean.com","hinfo","DP","201908"
"2019-08-24 16:42:31.000","ns66.digitalocean.com","hinfo","DP","201908"
"2019-08-24 16:34:28.000","ns7.digitalocean.com","hinfo","DP","201908"
"2019-08-24 16:36:04.000","ns8.digitalocean.com","hinfo","DP","201908"
"2019-08-24 16:46:34.000","ns9.digitalocean.com","hinfo","DP","201908"
"2019-08-24 16:35:22.000","ns99.digitalocean.com","hinfo","DP","201908"
"2019-08-24 16:35:40.000","nse.digitalocean.com","hinfo","DP","201908"
"2019-08-24 20:11:25.000","unifi.apccomm.com.ns1.digitalocean.com","hinfo","DP","201908"
"2019-08-24 16:14:46.000","n1.digitalocean.com","hinfo","DP","201908"
"2019-08-24 16:10:36.000","n2.digitalocean.com","hinfo","DP","201908"
"2019-08-24 16:10:34.000","n21.digitalocean.com","hinfo","DP","201908"
"2019-08-24 16:10:08.000","n1s.digitalocean.com","hinfo","DP","201908"
"2019-08-24 16:10:15.000","n4.digitalocean.com","hinfo","DP","201908"
"2019-08-24 16:14:03.000","n23.digitalocean.com","hinfo","DP","201908"
"2019-08-24 16:11:49.000","n2s.digitalocean.com","hinfo","DP","201908"
"2019-08-24 16:10:00.000","n3.digitalocean.com","hinfo","DP","201908"
"2019-08-24 16:11:59.000","n31.digitalocean.com","hinfo","DP","201908"
"2019-08-24 16:11:34.000","n32.digitalocean.com","hinfo","DP","201908"
"2019-08-24 18:33:49.000","redbook.digitalocean.com","hinfo","DP","201908"
"2019-08-24 12:38:57.000","mda.digitalocean.com","hinfo","DP","201908"
"2019-08-24 06:52:21.000","cuttlefish.digitalocean.com","hinfo","DP","201908"
"2019-08-24 19:39:22.000","success.digitalocean.com","hinfo","DP","201908"
"2019-08-24 19:31:40.000","sumaclub.digitalocean.com","hinfo","DP","201908"
"2019-08-24 06:17:46.000","cpanel-centos-s-1vcpu-1gb-fra1-01.digitalocean.com","hinfo","DP","201908"
"2019-08-24 06:20:03.000","cpanel-centos-s-1vcpu-1gb-fra1-02.digitalocean.com","hinfo","DP","201908"
"2019-08-24 06:18:50.000","cpanel-migration.digitalocean.com","hinfo","DP","201908"
"2019-08-24 19:51:44.000","thor.digitalocean.com","hinfo","DP","201908"
"2019-08-24 16:18:42.000","netsmokeping.internal.digitalocean.com","hinfo","DP","201908"
"2019-08-24 16:19:31.000","news.digitalocean.com","hinfo","DP","201908"
"2019-08-24 03:51:43.000","agent.digitalocean.com","hinfo","DP","201908"
"2019-08-24 19:37:45.000","superman.digitalocean.com","hinfo","DP","201908"
"2019-08-24 19:34:30.000","support.digitalocean.com","hinfo","DP","201908"
"2019-08-24 19:33:30.000","sv.digitalocean.com","hinfo","DP","201908"
"2019-08-24 07:33:08.000","ds1.digitalocean.com","hinfo","DP","201908"
"2019-08-24 07:38:22.000","dshwtzkfmlwepaxy.digitalocean.com","hinfo","DP","201908"
"2019-08-24 13:50:26.000","mx1.digitalocean.com","hinfo","DP","201908"
"2019-08-24 07:02:01.000","danpeter.digitalocean.com","hinfo","DP","201908"
"2019-08-24 07:04:47.000","dawno.digitalocean.com","hinfo","DP","201908"
"2019-08-24 10:49:25.000","james.digitalocean.com","hinfo","DP","201908"
"2019-08-24 10:51:01.000","jarot.digitalocean.com","hinfo","DP","201908"
"2019-08-24 20:11:09.000","us.wpfinancial.digitalocean.com","hinfo","DP","201908"
"2019-08-24 19:17:26.000","speedtest-ams1.digitalocean.com","hinfo","DP","201908"
"2019-08-24 19:38:38.000","speedtest-ams2.digitalocean.com","hinfo","DP","201908"
"2019-08-24 19:19:10.000","speedtest-ams3.digitalocean.com","hinfo","DP","201908"
"2019-08-24 19:24:35.000","speedtest-blr1.digitalocean.com","hinfo","DP","201908"
"2019-08-24 19:19:43.000","speedtest-fra1.digitalocean.com","hinfo","DP","201908"
"2019-08-24 19:20:37.000","speedtest-lon1.digitalocean.com","hinfo","DP","201908"
"2019-08-24 19:17:57.000","speedtest-ny1.digitalocean.com","hinfo","DP","201908"
"2019-08-24 19:21:31.000","speedtest-nyc1.digitalocean.com","hinfo","DP","201908"
"2019-08-24 19:18:49.000","speedtest-nyc2.digitalocean.com","hinfo","DP","201908"
"2019-08-24 19:17:36.000","speedtest-nyc3.digitalocean.com","hinfo","DP","201908"
"2019-08-24 19:20:07.000","speedtest-sfo1.digitalocean.com","hinfo","DP","201908"
"2019-08-24 19:17:37.000","speedtest-sfo2.digitalocean.com","hinfo","DP","201908"
"2019-08-24 19:34:33.000","speedtest-sgp1.digitalocean.com","hinfo","DP","201908"
"2019-08-24 19:20:54.000","speedtest-tor1.digitalocean.com","hinfo","DP","201908"
"2019-08-24 19:17:35.000","spf.digitalocean.com","hinfo","DP","201908"
"2019-08-24 19:23:27.000","sponsorship.digitalocean.com","hinfo","DP","201908"
"2019-08-24 18:34:43.000","rsvp.digitalocean.com","hinfo","DP","201908"
"2019-08-24 23:13:41.000","xmen.digitalocean.com","hinfo","DP","201908"
"2019-08-24 05:01:03.000","blog.digitalocean.com","hinfo","DP","201908"
"2019-08-24 19:16:45.000","sonar.digitalocean.com","hinfo","DP","201908"
"2019-08-24 08:20:20.000","evangelism.digitalocean.com","hinfo","DP","201908"
"2019-08-24 08:20:47.000","events.digitalocean.com","hinfo","DP","201908"
"2019-08-24 18:58:23.000","silverbase3.digitalocean.com","hinfo","DP","201908"
"2019-08-24 04:40:55.000","batman.digitalocean.com","hinfo","DP","201908"
"2019-08-24 18:05:27.000","push.digitalocean.com","hinfo","DP","201908"
"2019-08-24 12:04:49.000","mail.digitalocean.com","hinfo","DP","201908"
"2019-08-24 19:36:25.000","status.digitalocean.com","hinfo","DP","201908"
"2019-08-24 05:43:13.000","ca.digitalocean.com","hinfo","DP","201908"
"2019-08-24 12:59:29.000","mirkwood.digitalocean.com","hinfo","DP","201908"
"2019-08-24 12:46:15.000","mirrors.digitalocean.com","hinfo","DP","201908"
"2019-08-24 12:52:46.000","mirrorstats01.mirrors.digitalocean.com","hinfo","DP","201908"
"2019-08-24 19:02:48.000","sns2.digitalocean.com","hinfo","DP","201908"
"2019-08-24 19:09:44.000","soa.digitalocean.com","hinfo","DP","201908"
"2019-08-24 04:05:22.000","api.digitalocean.com","hinfo","DP","201908"
"2019-08-24 04:48:51.000","bestroofingtools1.digitalocean.com","hinfo","DP","201908"
"2019-08-24 04:46:35.000","bestroofingtools2.digitalocean.com","hinfo","DP","201908"
"2019-08-24 04:44:36.000","bestroofingtools3.digitalocean.com","hinfo","DP","201908"
"2019-08-24 04:44:51.000","beta.digitalocean.com","hinfo","DP","201908"
"2019-08-24 20:00:01.000","trest.digitalocean.com","hinfo","DP","201908"
"2019-08-24 20:18:15.000","try.digitalocean.com","hinfo","DP","201908"
"2019-08-24 20:01:55.000","tsunami.digitalocean.com","hinfo","DP","201908"
"2019-08-24 17:41:23.000","pompa.digitalocean.com","hinfo","DP","201908"
"2019-08-24 19:46:29.000","stickers.digitalocean.com","hinfo","DP","201908"
"2019-08-24 19:33:01.000","store.digitalocean.com","hinfo","DP","201908"
"2019-08-24 20:57:48.000","wiki.digitalocean.com","hinfo","DP","201908"
"2019-08-24 07:25:20.000","dosfo1vpn.digitalocean.com","hinfo","DP","201908"
"2019-08-24 07:30:36.000","dpc.digitalocean.com","hinfo","DP","201908"
"2019-08-24 08:48:29.000","gaffer.digitalocean.com","hinfo","DP","201908"
"2019-08-24 10:30:19.000","info.digitalocean.com","hinfo","DP","201908"
"2019-08-24 03:54:25.000","aiglos.digitalocean.com","hinfo","DP","201908"
"2019-08-24 03:54:45.000","akira.digitalocean.com","hinfo","DP","201908"
"2019-08-24 16:31:33.000","nottfree.digitalocean.com","hinfo","DP","201908"
"2019-08-24 11:42:25.000","localdev.internal.digitalocean.com","hinfo","DP","201908"
"2019-08-24 11:43:34.000","localhost.digitalocean.com","hinfo","DP","201908"
"2019-08-24 11:55:19.000","logstash.internal.digitalocean.com","hinfo","DP","201908"
"2019-08-24 11:35:32.000","lon1.internal.digitalocean.com","hinfo","DP","201908"
"2019-08-24 11:38:36.000","lon1.mirrors.digitalocean.com","hinfo","DP","201908"
"2019-08-24 11:43:35.000","looker.internal.digitalocean.com","hinfo","DP","201908"
"2019-08-24 11:39:21.000","lookitthat.digitalocean.com","hinfo","DP","201908"
"2019-08-24 08:35:34.000","fra1-edge1.digitalocean.com","hinfo","DP","201908"
"2019-08-24 08:38:07.000","fra2-edge1.digitalocean.com","hinfo","DP","201908"
"2019-08-24 01:03:23.000","244.98.63.45.digitalocean.com","hinfo","DP","201908"
"2019-08-24 07:20:19.000","disparo.digitalocean.com","hinfo","DP","201908"
"2019-08-24 07:26:26.000","distances-calculator.digitalocean.com","hinfo","DP","201908"
"2019-08-24 01:37:36.000","4t3vouz8f264ru1s.digitalocean.com","hinfo","DP","201908"
"2019-08-24 21:14:33.000","wtfawwth.digitalocean.com","hinfo","DP","201908"
"2019-08-24 08:33:45.000","floyd.digitalocean.com","hinfo","DP","201908"
"2019-08-24 10:45:13.000","ipv4.speedtest-ams1.digitalocean.com","hinfo","DP","201908"
"2019-08-24 10:48:31.000","ipv4.speedtest-ams2.digitalocean.com","hinfo","DP","201908"
"2019-08-24 10:43:00.000","ipv4.speedtest-ams3.digitalocean.com","hinfo","DP","201908"
"2019-08-24 10:46:42.000","ipv4.speedtest-fra1.digitalocean.com","hinfo","DP","201908"
"2019-08-24 10:47:07.000","ipv4.speedtest-lon1.digitalocean.com","hinfo","DP","201908"
"2019-08-24 10:44:00.000","ipv4.speedtest-nyc1.digitalocean.com","hinfo","DP","201908"
"2019-08-24 10:43:35.000","ipv4.speedtest-nyc2.digitalocean.com","hinfo","DP","201908"
"2019-08-24 10:46:10.000","ipv4.speedtest-nyc3.digitalocean.com","hinfo","DP","201908"
"2019-08-24 11:08:33.000","ipv4.speedtest-sfo1.digitalocean.com","hinfo","DP","201908"
"2019-08-24 10:44:31.000","ipv4.speedtest-sgp1.digitalocean.com","hinfo","DP","201908"
"2019-08-24 10:51:55.000","ipv6.speedtest-ams2.digitalocean.com","hinfo","DP","201908"
"2019-08-24 10:43:57.000","ipv6.speedtest-ams3.digitalocean.com","hinfo","DP","201908"
"2019-08-24 10:43:38.000","ipv6.speedtest-fra1.digitalocean.com","hinfo","DP","201908"
"2019-08-24 10:43:09.000","ipv6.speedtest-lon1.digitalocean.com","hinfo","DP","201908"
"2019-08-24 10:47:38.000","ipv6.speedtest-nyc3.digitalocean.com","hinfo","DP","201908"
"2019-08-24 10:43:47.000","ipv6.speedtest-sfo1.digitalocean.com","hinfo","DP","201908"
"2019-08-24 10:48:26.000","ipv6.speedtest-sgp1.digitalocean.com","hinfo","DP","201908"
"2019-08-24 09:41:54.000","hosting.digitalocean.com","hinfo","DP","201908"
"2019-08-24 10:17:04.000","hostmaster.ns1.digitalocean.com","hinfo","DP","201908"
"2019-08-24 09:31:28.000","host.digitalocean.com","hinfo","DP","201908"
"2019-08-24 00:51:09.000","220-ns1.digitalocean.com","hinfo","DP","201908"
"2019-08-24 00:54:45.000","220-sally.digitalocean.com","hinfo","DP","201908"
"2019-08-24 00:51:17.000","220-wellness.digitalocean.com","hinfo","DP","201908"
"2019-08-24 18:02:37.000","powdercity.digitalocean.com","hinfo","DP","201908"
"2019-08-24 16:07:42.000","mx20.digitalocean.com","hinfo","DP","201908"
"2019-08-24 16:11:22.000","my.digitalocean.com","hinfo","DP","201908"
"2019-08-24 14:58:26.000","mx15.digitalocean.com","hinfo","DP","201908"
"2019-08-24 14:57:50.000","mx2.digitalocean.com","hinfo","DP","201908"
