"2019-08-24 04:33:06.000","b.ns.hackerone.com","hinfo","DP","201908"
"2019-08-24 09:05:47.000","go.hackerone.com","hinfo","DP","201908"
"2019-08-24 04:08:12.000","api.hackerone.com","hinfo","DP","201908"
"2019-08-24 21:50:04.000","www.hackerone.com","hinfo","DP","201908"
"2019-08-24 08:11:47.000","email.hackerone.com","hinfo","DP","201908"
"2019-08-24 10:26:05.000","info.hackerone.com","hinfo","DP","201908"
"2019-08-24 16:46:39.000","o1.email.hackerone.com","hinfo","DP","201908"
"2019-08-24 16:42:29.000","o2.email.hackerone.com","hinfo","DP","201908"
"2019-08-24 16:54:19.000","o3.email.hackerone.com","hinfo","DP","201908"
"2019-08-24 16:38:15.000","ns.hackerone.com","hinfo","DP","201908"
"2019-08-24 19:41:13.000","support.hackerone.com","hinfo","DP","201908"
"2019-08-24 13:22:47.000","mta-sts.managed.hackerone.com","hinfo","DP","201908"
"2019-08-24 07:28:47.000","docs.hackerone.com","hinfo","DP","201908"
"2019-08-24 11:30:21.000","links.hackerone.com","hinfo","DP","201908"
"2019-08-24 03:13:56.000","a.ns.hackerone.com","hinfo","DP","201908"
"2019-08-24 13:14:35.000","mta-sts.forwarding.hackerone.com","hinfo","DP","201908"
"2019-08-24 13:16:01.000","mta-sts.hackerone.com","hinfo","DP","201908"
