"2019-08-24 06:49:16.000","cs-web-static-stage.postmates.com","hinfo","DP","201908"
"2019-08-24 06:54:21.000","cs-web-static.postmates.com","hinfo","DP","201908"
"2019-08-24 06:51:54.000","cs-web.prod.us-west-1.postmates.com","hinfo","DP","201908"
"2019-08-24 06:48:08.000","cs-web.stage.us-west-2.postmates.com","hinfo","DP","201908"
"2019-08-24 23:48:25.000","zones.postmates.com","hinfo","DP","201908"
"2019-08-24 04:59:40.000","brand.postmates.com","hinfo","DP","201908"
"2019-08-24 04:01:45.000","analysis.stage.us-west-2.postmates.com","hinfo","DP","201908"
"2019-08-24 08:31:42.000","finance-service-v2.stage.us-west-2.postmates.com","hinfo","DP","201908"
"2019-08-24 08:32:37.000","finance-service.prod.us-west-1.postmates.com","hinfo","DP","201908"
"2019-08-24 08:32:56.000","finance-service.stage.us-west-2.postmates.com","hinfo","DP","201908"
"2019-08-24 17:26:01.000","paradise.postmates.com","hinfo","DP","201908"
"2019-08-24 04:51:02.000","blackbox-exporter.stage.us-west-2.postmates.com","hinfo","DP","201908"
"2019-08-24 10:19:09.000","illume.prod.us-west-1.postmates.com","hinfo","DP","201908"
"2019-08-24 10:20:22.000","illume.stage.us-west-2.postmates.com","hinfo","DP","201908"
"2019-08-24 11:13:59.000","knapsack-external.prod.us-west-1.postmates.com","hinfo","DP","201908"
"2019-08-24 11:15:56.000","knapsack-external.stage.us-west-2.postmates.com","hinfo","DP","201908"
"2019-08-24 11:11:44.000","knowledge.postmates.com","hinfo","DP","201908"
"2019-08-24 17:38:19.000","ping-service-stage.postmates.com","hinfo","DP","201908"
"2019-08-24 17:38:31.000","ping-service.postmates.com","hinfo","DP","201908"
"2019-08-24 17:37:17.000","ping-service.prod.us-west-1.postmates.com","hinfo","DP","201908"
"2019-08-24 17:43:10.000","ping-service.stage.us-west-2.postmates.com","hinfo","DP","201908"
"2019-08-24 05:57:59.000","ci.admin.us-east-2.postmates.com","hinfo","DP","201908"
"2019-08-24 05:05:20.000","buyer-prod.postmates.com","hinfo","DP","201908"
"2019-08-24 05:07:00.000","buyer-static.postmates.com","hinfo","DP","201908"
"2019-08-24 11:10:35.000","k8s-dashboard-dev.admin.us-east-2.postmates.com","hinfo","DP","201908"
"2019-08-24 11:01:39.000","k8s-dashboard.admin.us-east-2.postmates.com","hinfo","DP","201908"
"2019-08-24 11:03:39.000","k8s-dashboard.prod.us-west-1.postmates.com","hinfo","DP","201908"
"2019-08-24 11:05:12.000","k8s-dashboard.stage.us-west-2.postmates.com","hinfo","DP","201908"
"2019-08-24 08:52:27.000","gold-stage.postmates.com","hinfo","DP","201908"
"2019-08-24 08:51:48.000","gold.postmates.com","hinfo","DP","201908"
"2019-08-24 03:56:21.000","alertmanager.admin.us-east-2.postmates.com","hinfo","DP","201908"
"2019-08-24 03:55:13.000","alertmanager.prod.us-west-1.postmates.com","hinfo","DP","201908"
"2019-08-24 03:55:40.000","alertmanager.stage.us-west-2.postmates.com","hinfo","DP","201908"
"2019-08-24 08:57:26.000","grafana-new.stage.us-west-2.postmates.com","hinfo","DP","201908"
"2019-08-24 08:55:07.000","grafana.prod.us-west-1.postmates.com","hinfo","DP","201908"
"2019-08-24 08:57:10.000","grafana.stage.us-west-2.postmates.com","hinfo","DP","201908"
"2019-08-24 08:11:13.000","elposen.postmates.com","hinfo","DP","201908"
"2019-08-24 17:42:01.000","phonemasking-1.gke-prod.postmates.com","hinfo","DP","201908"
"2019-08-24 17:36:20.000","phonemasking-1.gke-stage.postmates.com","hinfo","DP","201908"
"2019-08-24 17:38:39.000","phonemasking-obfuscated-1.gke-prod.postmates.com","hinfo","DP","201908"
"2019-08-24 17:37:45.000","phonemasking-obfuscated-1.gke-stage.postmates.com","hinfo","DP","201908"
"2019-08-24 17:40:44.000","phonemasking-obfuscated.gke-prod.postmates.com","hinfo","DP","201908"
"2019-08-24 17:36:22.000","phonemasking-obfuscated.gke-stage.postmates.com","hinfo","DP","201908"
"2019-08-24 17:36:11.000","phonemasking-obfuscated.prod.us-west-1.postmates.com","hinfo","DP","201908"
"2019-08-24 17:36:17.000","phonemasking-obfuscated.stage.us-west-2.postmates.com","hinfo","DP","201908"
"2019-08-24 17:38:46.000","phonemasking.gke-prod.postmates.com","hinfo","DP","201908"
"2019-08-24 17:48:24.000","phonemasking.gke-stage.postmates.com","hinfo","DP","201908"
"2019-08-24 17:36:43.000","phonemasking.prod.us-west-1.postmates.com","hinfo","DP","201908"
"2019-08-24 17:41:32.000","phonemasking.stage.us-west-2.postmates.com","hinfo","DP","201908"
"2019-08-24 04:19:26.000","automated-task-processor-external.prod.us-west-1.postmates.com","hinfo","DP","201908"
"2019-08-24 04:28:48.000","automated-task-processor-external.stage.us-west-2.postmates.com","hinfo","DP","201908"
"2019-08-24 04:18:21.000","automated-task-processor.prod.us-west-1.postmates.com","hinfo","DP","201908"
"2019-08-24 04:18:17.000","automated-task-processor.stage.us-west-2.postmates.com","hinfo","DP","201908"
"2019-08-24 08:20:49.000","extevents.prod.us-west-1.postmates.com","hinfo","DP","201908"
"2019-08-24 08:20:47.000","extevents.stage.us-west-2.postmates.com","hinfo","DP","201908"
"2019-08-24 11:43:04.000","logsearch.us-west-1.postmates.com","hinfo","DP","201908"
"2019-08-24 04:15:42.000","auth-stage.postmates.com","hinfo","DP","201908"
"2019-08-24 04:16:59.000","auth.postmates.com","hinfo","DP","201908"
"2019-08-24 04:55:10.000","bogus.stage.us-west-2.postmates.com","hinfo","DP","201908"
"2019-08-24 17:29:41.000","partner-dashboard.prod.us-west-1.postmates.com","hinfo","DP","201908"
"2019-08-24 17:26:18.000","partner-dashboard.stage.us-west-2.postmates.com","hinfo","DP","201908"
"2019-08-24 17:28:57.000","partner-help.postmates.com","hinfo","DP","201908"
"2019-08-24 17:41:31.000","partner-tools-stage.postmates.com","hinfo","DP","201908"
"2019-08-24 17:27:28.000","partner-tools.postmates.com","hinfo","DP","201908"
"2019-08-24 17:27:19.000","partner.postmates.com","hinfo","DP","201908"
"2019-08-24 17:33:42.000","payment-proxy.postmates.com","hinfo","DP","201908"
"2019-08-24 17:30:16.000","payment-webhook.postmates.com","hinfo","DP","201908"
"2019-08-24 17:28:42.000","payments-new.stage.us-west-2.postmates.com","hinfo","DP","201908"
"2019-08-24 17:30:15.000","payments-proxy-new.stage.us-west-2.postmates.com","hinfo","DP","201908"
"2019-08-24 05:08:27.000","bunyan-stage.us-west-2.postmates.com","hinfo","DP","201908"
"2019-08-24 05:04:04.000","bunyan.gke-stage.postmates.com","hinfo","DP","201908"
"2019-08-24 05:06:28.000","bunyan.postmates.com","hinfo","DP","201908"
"2019-08-24 05:05:17.000","bunyan.prod.us-west-1.postmates.com","hinfo","DP","201908"
"2019-08-24 05:04:10.000","bunyan.stage.us-west-2.postmates.com","hinfo","DP","201908"
"2019-08-24 08:26:07.000","feedback.postmates.com","hinfo","DP","201908"
"2019-08-24 04:40:47.000","bazaar-external.prod.us-west-1.postmates.com","hinfo","DP","201908"
"2019-08-24 04:38:56.000","bazaar-external.stage.us-west-2.postmates.com","hinfo","DP","201908"
"2019-08-24 04:46:06.000","bazaar.postmates.com","hinfo","DP","201908"
"2019-08-24 04:40:36.000","bazaar.prod.us-west-1.postmates.com","hinfo","DP","201908"
"2019-08-24 04:38:50.000","bazaar.stage.us-west-2.postmates.com","hinfo","DP","201908"
"2019-08-24 07:04:42.000","daas-help.postmates.com","hinfo","DP","201908"
"2019-08-24 17:05:23.000","ordering.prod.us-west-1.postmates.com","hinfo","DP","201908"
"2019-08-24 16:57:36.000","ordering.stage.us-west-2.postmates.com","hinfo","DP","201908"
"2019-08-24 16:57:23.000","order.postmates.com","hinfo","DP","201908"
"2019-08-24 18:20:01.000","raster-static-stage.postmates.com","hinfo","DP","201908"
"2019-08-24 18:19:45.000","raster-static.postmates.com","hinfo","DP","201908"
"2019-08-24 18:20:54.000","raster-v1.prod.us-west-1.postmates.com","hinfo","DP","201908"
"2019-08-24 18:22:31.000","raster-v1.stage.us-west-2.postmates.com","hinfo","DP","201908"
"2019-08-24 06:21:23.000","courierhelp.postmates.com","hinfo","DP","201908"
"2019-08-24 08:43:14.000","fc89d48cf7152e58c8fcf1aacef75de3.admin.us-east-2.postmates.com","hinfo","DP","201908"
"2019-08-24 08:25:32.000","fc89d48cf7152e58c8fcf1aacef75de3.prod.us-west-1.postmates.com","hinfo","DP","201908"
"2019-08-24 08:25:16.000","fc89d48cf7152e58c8fcf1aacef75de3.stage.us-west-2.postmates.com","hinfo","DP","201908"
"2019-08-24 07:48:25.000","e2e.us-east-1.postmates.com","hinfo","DP","201908"
"2019-08-24 07:08:37.000","deis.stage.us-west-2.postmates.com","hinfo","DP","201908"
"2019-08-24 19:32:58.000","support-stage.postmates.com","hinfo","DP","201908"
"2019-08-24 19:33:43.000","support.postmates.com","hinfo","DP","201908"
"2019-08-24 07:10:08.000","developer-api-int.stage.us-west-2.postmates.com","hinfo","DP","201908"
"2019-08-24 07:08:45.000","developer-api-internal.prod.us-west-1.postmates.com","hinfo","DP","201908"
"2019-08-24 07:10:08.000","developer-api-internal.stage.us-west-2.postmates.com","hinfo","DP","201908"
"2019-08-24 07:10:07.000","developer-api-sandbox-internal-v2.stage.us-west-2.postmates.com","hinfo","DP","201908"
"2019-08-24 07:09:05.000","developer-api-sandbox-internal.prod.us-west-1.postmates.com","hinfo","DP","201908"
"2019-08-24 07:08:39.000","developer-api-sandbox-internal.stage.us-west-2.postmates.com","hinfo","DP","201908"
"2019-08-24 07:14:03.000","developer-api-sandbox.prod.us-west-1.postmates.com","hinfo","DP","201908"
"2019-08-24 07:07:29.000","developer-api-sandbox.stage.us-west-2.postmates.com","hinfo","DP","201908"
"2019-08-24 07:08:39.000","developer-api.prod.us-west-1.postmates.com","hinfo","DP","201908"
"2019-08-24 07:08:44.000","developer-api.stage.us-west-2.postmates.com","hinfo","DP","201908"
"2019-08-24 07:10:07.000","developer-dashboard-sandbox.prod.us-west-1.postmates.com","hinfo","DP","201908"
"2019-08-24 07:08:49.000","developer-dashboard-sandbox.stage.us-west-2.postmates.com","hinfo","DP","201908"
"2019-08-24 07:07:01.000","developer-dashboard.prod.us-west-1.postmates.com","hinfo","DP","201908"
"2019-08-24 07:08:50.000","developer-dashboard.stage.us-west-2.postmates.com","hinfo","DP","201908"
"2019-08-24 07:09:47.000","developer.postmates.com","hinfo","DP","201908"
"2019-08-24 21:25:21.000","www.blog.postmates.com","hinfo","DP","201908"
"2019-08-24 16:42:35.000","o1.em.postmates.com","hinfo","DP","201908"
"2019-08-24 17:10:05.000","o1.email.postmates.com","hinfo","DP","201908"
"2019-08-24 17:00:31.000","o2.em.postmates.com","hinfo","DP","201908"
"2019-08-24 16:43:55.000","o3.em.postmates.com","hinfo","DP","201908"
"2019-08-24 16:45:15.000","o9.em.fleet.postmates.com","hinfo","DP","201908"
"2019-08-24 16:44:11.000","o6.em.app.postmates.com","hinfo","DP","201908"
"2019-08-24 16:44:22.000","o7.em.app.postmates.com","hinfo","DP","201908"
"2019-08-24 16:43:42.000","o8.em.fleet.postmates.com","hinfo","DP","201908"
"2019-08-24 16:44:11.000","o896.em.app.postmates.com","hinfo","DP","201908"
"2019-08-24 16:44:41.000","o897.em.app.postmates.com","hinfo","DP","201908"
"2019-08-24 16:43:44.000","o898.em.fleet.postmates.com","hinfo","DP","201908"
"2019-08-24 16:46:53.000","o899.em.fleet.postmates.com","hinfo","DP","201908"
"2019-08-24 16:46:12.000","oauth2-proxy-dex.admin.us-east-2.postmates.com","hinfo","DP","201908"
"2019-08-24 16:54:56.000","oauth2-proxy-dex.prod.us-west-1.postmates.com","hinfo","DP","201908"
"2019-08-24 16:51:38.000","oauth2-proxy-dex.stage.us-west-2.postmates.com","hinfo","DP","201908"
"2019-08-24 17:03:39.000","oauth2-proxy-google.prod.us-west-1.postmates.com","hinfo","DP","201908"
"2019-08-24 16:45:57.000","oauth2-proxy-google.stage.us-west-2.postmates.com","hinfo","DP","201908"
"2019-08-24 06:07:28.000","click.app.postmates.com","hinfo","DP","201908"
"2019-08-24 06:02:41.000","click.fleet.postmates.com","hinfo","DP","201908"
"2019-08-24 10:50:02.000","jaeger-collector-grpc.prod.us-west-1.postmates.com","hinfo","DP","201908"
"2019-08-24 10:52:06.000","jaeger-collector-grpc.stage.us-west-2.postmates.com","hinfo","DP","201908"
"2019-08-24 10:48:58.000","jaeger-query.prod.us-west-1.postmates.com","hinfo","DP","201908"
"2019-08-24 10:48:10.000","jaeger-query.stage.us-west-2.postmates.com","hinfo","DP","201908"
"2019-08-24 08:15:26.000","engineering.postmates.com","hinfo","DP","201908"
"2019-08-24 08:15:50.000","eoy2018.postmates.com","hinfo","DP","201908"
"2019-08-24 20:33:10.000","web-ordering-stage.us-west-1.postmates.com","hinfo","DP","201908"
"2019-08-24 20:35:03.000","web.postmates.com","hinfo","DP","201908"
"2019-08-24 10:49:02.000","items-static-stage.postmates.com","hinfo","DP","201908"
"2019-08-24 10:47:25.000","items-static.postmates.com","hinfo","DP","201908"
"2019-08-24 19:44:41.000","test-cert-letsencrypt-default.stage.us-west-2.postmates.com","hinfo","DP","201908"
"2019-08-24 19:46:36.000","test-cert-letsencrypt-prod.admin.us-east-2.postmates.com","hinfo","DP","201908"
"2019-08-24 19:42:54.000","test-cert-letsencrypt-prod.prod.us-west-1.postmates.com","hinfo","DP","201908"
"2019-08-24 19:43:03.000","test-cert-letsencrypt-prod.stage.us-west-2.postmates.com","hinfo","DP","201908"
"2019-08-24 19:44:49.000","test-cert-letsencrypt-route53.stage.us-west-2.postmates.com","hinfo","DP","201908"
"2019-08-24 19:43:15.000","test-cert-letsencrypt.admin.us-east-2.postmates.com","hinfo","DP","201908"
"2019-08-24 19:43:33.000","test-cert-letsencrypt.prod.us-west-1.postmates.com","hinfo","DP","201908"
"2019-08-24 19:44:31.000","test-cert-letsencrypt.stage.us-west-2.postmates.com","hinfo","DP","201908"
"2019-08-24 19:47:04.000","test-eml.postmates.com","hinfo","DP","201908"
"2019-08-24 19:47:55.000","test-fleet-eml.postmates.com","hinfo","DP","201908"
"2019-08-24 19:53:10.000","test-prod-cert.stage.us-west-2.postmates.com","hinfo","DP","201908"
"2019-08-24 18:52:14.000","service-catalog.admin.us-east-2.postmates.com","hinfo","DP","201908"
"2019-08-24 18:55:28.000","service-catalog.prod.us-west-1.postmates.com","hinfo","DP","201908"
"2019-08-24 18:51:51.000","service-catalog.stage.us-west-2.postmates.com","hinfo","DP","201908"
"2019-08-24 04:58:00.000","blog.postmates.com","hinfo","DP","201908"
"2019-08-24 03:31:11.000","admin.us-east-2.postmates.com","hinfo","DP","201908"
"2019-08-24 10:52:12.000","jenkins-electric-boogaloo.us-west-1.postmates.com","hinfo","DP","201908"
"2019-08-24 09:09:32.000","help.postmates.com","hinfo","DP","201908"
"2019-08-24 05:42:35.000","card.postmates.com","hinfo","DP","201908"
"2019-08-24 05:51:08.000","careers.postmates.com","hinfo","DP","201908"
"2019-08-24 08:55:30.000","grpc-demo.stage.us-west-2.postmates.com","hinfo","DP","201908"
"2019-08-24 20:19:05.000","vault.us-west-2.postmates.com","hinfo","DP","201908"
"2019-08-24 04:04:54.000","api.postmates.com","hinfo","DP","201908"
"2019-08-24 05:07:07.000","bweb-internal.prod.us-west-1.postmates.com","hinfo","DP","201908"
"2019-08-24 05:05:57.000","bweb-internal.stage.us-west-2.postmates.com","hinfo","DP","201908"
"2019-08-24 05:06:41.000","bweb.prod.us-west-1.postmates.com","hinfo","DP","201908"
"2019-08-24 05:24:40.000","bweb.stage.us-west-2.postmates.com","hinfo","DP","201908"
"2019-08-24 07:40:19.000","dualla.postmates.com","hinfo","DP","201908"
"2019-08-24 05:43:17.000","canary.postmates.com","hinfo","DP","201908"
"2019-08-24 18:09:00.000","prod.us-west-1.postmates.com","hinfo","DP","201908"
"2019-08-24 20:44:23.000","webhooks.postmates.com","hinfo","DP","201908"
"2019-08-24 18:56:29.000","shopify-dashboard-sandbox.prod.us-west-1.postmates.com","hinfo","DP","201908"
"2019-08-24 19:02:11.000","shopify-dashboard-sandbox.stage.us-west-2.postmates.com","hinfo","DP","201908"
"2019-08-24 18:58:16.000","shopify-dashboard.prod.us-west-1.postmates.com","hinfo","DP","201908"
"2019-08-24 19:06:50.000","shopify-dashboard.stage.us-west-2.postmates.com","hinfo","DP","201908"
"2019-08-24 10:11:35.000","i.postmates.com","hinfo","DP","201908"
"2019-08-23 23:10:27.000","1000.postmates.com","hinfo","DP","201908"
"2019-08-24 18:05:34.000","prometheus.admin.us-east-2.postmates.com","hinfo","DP","201908"
"2019-08-24 18:06:21.000","prometheus.gke-stage.postmates.com","hinfo","DP","201908"
"2019-08-24 18:01:26.000","prometheus.prod.us-west-1.postmates.com","hinfo","DP","201908"
"2019-08-24 18:03:45.000","prometheus.stage.us-west-2.postmates.com","hinfo","DP","201908"
"2019-08-24 18:02:57.000","prometheus1.admin.us-east-2.postmates.com","hinfo","DP","201908"
"2019-08-24 18:03:02.000","prometheus1.gke-stage.postmates.com","hinfo","DP","201908"
"2019-08-24 18:02:11.000","prometheus1.prod.us-west-1.postmates.com","hinfo","DP","201908"
"2019-08-24 18:02:51.000","prometheus1.stage.us-west-2.postmates.com","hinfo","DP","201908"
"2019-08-24 18:02:07.000","prometheus2.prod.us-west-1.postmates.com","hinfo","DP","201908"
"2019-08-24 17:52:26.000","posi-external.prod.us-west-1.postmates.com","hinfo","DP","201908"
"2019-08-24 17:50:05.000","posi-external.stage.us-west-2.postmates.com","hinfo","DP","201908"
"2019-08-24 17:50:09.000","pos-ordering.postmates.com","hinfo","DP","201908"
"2019-08-24 19:27:13.000","sso-postmates-com.gke-prod.postmates.com","hinfo","DP","201908"
"2019-08-24 19:20:54.000","sso-postmates-com.gke-stage.postmates.com","hinfo","DP","201908"
"2019-08-24 19:27:06.000","sso-postmates-com.prod.us-west-1.postmates.com","hinfo","DP","201908"
"2019-08-24 19:23:59.000","sso-postmates-com.stage.us-west-2.postmates.com","hinfo","DP","201908"
"2019-08-24 19:21:11.000","sso-postmates-net.gke-prod.postmates.com","hinfo","DP","201908"
"2019-08-24 19:23:11.000","sso-postmates-net.gke-stage.postmates.com","hinfo","DP","201908"
"2019-08-24 19:25:18.000","sso-postmates-net.prod.us-west-1.postmates.com","hinfo","DP","201908"
"2019-08-24 19:20:32.000","sso-postmates-net.stage.us-west-2.postmates.com","hinfo","DP","201908"
"2019-08-24 19:20:48.000","stage.postmates.com","hinfo","DP","201908"
"2019-08-24 19:21:29.000","stage.us-west-2.postmates.com","hinfo","DP","201908"
"2019-08-24 18:11:15.000","pushgateway.admin.us-east-2.postmates.com","hinfo","DP","201908"
"2019-08-24 18:05:20.000","pushgateway.prod.us-west-1.postmates.com","hinfo","DP","201908"
"2019-08-24 18:05:57.000","pushgateway.stage.us-west-2.postmates.com","hinfo","DP","201908"
"2019-08-24 19:19:52.000","springboard.postmates.com","hinfo","DP","201908"
"2019-08-24 19:18:46.000","spyglass-k8s.prod.us-west-1.postmates.com","hinfo","DP","201908"
"2019-08-24 19:19:38.000","spyglass-k8s.stage.us-west-2.postmates.com","hinfo","DP","201908"
"2019-08-24 19:24:50.000","spyglass-new.stage.us-west-2.postmates.com","hinfo","DP","201908"
"2019-08-24 19:22:34.000","spyglass.postmates.com","hinfo","DP","201908"
"2019-08-24 18:50:33.000","seller.prod.us-west-1.postmates.com","hinfo","DP","201908"
"2019-08-24 18:51:02.000","seller.stage.us-west-2.postmates.com","hinfo","DP","201908"
"2019-08-24 18:50:28.000","sentry1.postmates.com","hinfo","DP","201908"
"2019-08-24 18:51:57.000","serve.postmates.com","hinfo","DP","201908"
"2019-08-24 10:24:04.000","inventory.postmates.com","hinfo","DP","201908"
"2019-08-24 19:24:16.000","somtest-backend.gke-stage.postmates.com","hinfo","DP","201908"
"2019-08-24 19:18:34.000","somtest.gke-stage.postmates.com","hinfo","DP","201908"
"2019-08-24 19:18:48.000","sonarqube.stage.us-west-2.postmates.com","hinfo","DP","201908"
"2019-08-24 22:18:42.000","www.postmates.com","hinfo","DP","201908"
"2019-08-24 08:12:21.000","em.postmates.com","hinfo","DP","201908"
"2019-08-24 08:11:44.000","email.postmates.com","hinfo","DP","201908"
"2019-08-24 01:37:10.000","48d2c814fb6eac488e009db0439c39fc.admin.us-east-2.postmates.com","hinfo","DP","201908"
"2019-08-24 01:34:07.000","48d2c814fb6eac488e009db0439c39fc.prod.us-west-1.postmates.com","hinfo","DP","201908"
"2019-08-24 01:36:07.000","48d2c814fb6eac488e009db0439c39fc.stage.us-west-2.postmates.com","hinfo","DP","201908"
"2019-08-24 08:33:29.000","fleet-api-gateway-1.prod.us-west-1.postmates.com","hinfo","DP","201908"
"2019-08-24 08:32:40.000","fleet-api-gateway-1.stage.us-west-2.postmates.com","hinfo","DP","201908"
"2019-08-24 08:34:37.000","fleet-api-grpc.prod.us-west-1.postmates.com","hinfo","DP","201908"
"2019-08-24 08:33:37.000","fleet-api-grpc.stage.us-west-2.postmates.com","hinfo","DP","201908"
"2019-08-24 08:34:00.000","fleet-api.postmates.com","hinfo","DP","201908"
"2019-08-24 08:33:33.000","fleet-api.prod.us-west-1.postmates.com","hinfo","DP","201908"
"2019-08-24 08:35:16.000","fleet-api.stage.us-west-2.postmates.com","hinfo","DP","201908"
"2019-08-24 08:33:19.000","fleet-bot.prod.us-west-1.postmates.com","hinfo","DP","201908"
"2019-08-24 08:40:49.000","fleet-bot.stage.us-west-2.postmates.com","hinfo","DP","201908"
"2019-08-24 08:33:29.000","fleet-dashboard.postmates.com","hinfo","DP","201908"
"2019-08-24 08:32:27.000","fleet-dashboard.prod.us-west-1.postmates.com","hinfo","DP","201908"
"2019-08-24 08:32:39.000","fleet-dashboard.stage.us-west-2.postmates.com","hinfo","DP","201908"
"2019-08-24 08:32:19.000","fleet-help.postmates.com","hinfo","DP","201908"
"2019-08-24 08:33:43.000","fleet-service.postmates.com","hinfo","DP","201908"
"2019-08-24 08:35:57.000","fleet-stage-api.postmates.com","hinfo","DP","201908"
"2019-08-24 08:47:57.000","fleet-static-stage.postmates.com","hinfo","DP","201908"
"2019-08-24 08:33:09.000","fleet-static.postmates.com","hinfo","DP","201908"
"2019-08-24 08:36:09.000","fleet.postmates.com","hinfo","DP","201908"
"2019-08-24 12:44:31.000","merchant-data-updater-external.prod.us-west-1.postmates.com","hinfo","DP","201908"
"2019-08-24 12:50:35.000","merchant-data-updater-external.stage.us-west-2.postmates.com","hinfo","DP","201908"
"2019-08-24 12:40:27.000","merchant.postmates.com","hinfo","DP","201908"
"2019-08-24 12:41:33.000","messages.postmates.com","hinfo","DP","201908"
"2019-08-24 12:41:51.000","metabase.stage.us-west-2.postmates.com","hinfo","DP","201908"
"2019-08-24 11:10:23.000","kibana.us-west-1.postmates.com","hinfo","DP","201908"
"2019-08-24 20:16:49.000","variants.prod.us-west-1.postmates.com","hinfo","DP","201908"
"2019-08-24 20:16:12.000","variants.stage.us-west-2.postmates.com","hinfo","DP","201908"
"2019-08-24 03:22:27.000","about.postmates.com","hinfo","DP","201908"
"2019-08-24 07:02:11.000","dashbase-logs-kibana.admin.us-east-2.postmates.com","hinfo","DP","201908"
"2019-08-24 07:12:15.000","dashbase-logs-kibana.prod.us-west-1.postmates.com","hinfo","DP","201908"
"2019-08-24 07:02:04.000","dashbase-logs-kibana.stage.us-west-2.postmates.com","hinfo","DP","201908"
"2019-08-24 07:11:53.000","dashbase-logs-web.admin.us-east-2.postmates.com","hinfo","DP","201908"
"2019-08-24 07:01:06.000","dashbase-logs-web.prod.us-west-1.postmates.com","hinfo","DP","201908"
"2019-08-24 07:03:49.000","dashbase-logs-web.stage.us-west-2.postmates.com","hinfo","DP","201908"
"2019-08-24 19:37:10.000","stripe.postmates.com","hinfo","DP","201908"
"2019-08-24 06:52:52.000","customerservice.postmates.com","hinfo","DP","201908"
"2019-08-24 07:18:21.000","dir.it.us-west-2.postmates.com","hinfo","DP","201908"
"2019-08-24 07:32:04.000","drone-dev.admin.us-east-2.postmates.com","hinfo","DP","201908"
"2019-08-24 07:34:41.000","drone.admin.us-east-2.postmates.com","hinfo","DP","201908"
"2019-08-24 10:42:50.000","ipa.postmates.com","hinfo","DP","201908"
"2019-08-23 23:03:45.000","02.email.postmates.com","hinfo","DP","201908"
"2019-08-24 13:17:50.000","mta.messages.postmates.com","hinfo","DP","201908"
"2019-08-24 13:20:37.000","mta2.messages.postmates.com","hinfo","DP","201908"
"2019-08-24 13:18:56.000","mta3.messages.postmates.com","hinfo","DP","201908"
