"2019-08-24 11:25:14.000","labs.b2b.trustpilot.com","a","52.84.246.153","201908"
"2019-08-24 11:25:14.000","labs.b2b.trustpilot.com","a","52.84.246.254","201908"
"2019-08-24 11:25:14.000","labs.b2b.trustpilot.com","a","52.84.246.56","201908"
"2019-08-24 11:25:14.000","labs.b2b.trustpilot.com","a","52.84.246.9","201908"
"2019-08-24 08:35:20.000","fr-be.trustpilot.com","a","13.224.29.123","201908"
"2019-08-24 08:35:20.000","fr-be.trustpilot.com","a","13.224.29.55","201908"
"2019-08-24 08:35:20.000","fr-be.trustpilot.com","a","13.224.29.70","201908"
"2019-08-24 08:35:20.000","fr-be.trustpilot.com","a","13.224.29.92","201908"
"2019-08-24 08:39:04.000","fr-ca.trustpilot.com","cname","wildcard-configurablehttpredirector.trustpilot.com","201908"
"2019-08-24 08:36:06.000","fr-ch.business.trustpilot.com","a","34.253.73.32","201908"
"2019-08-24 08:36:06.000","fr-ch.business.trustpilot.com","a","52.31.12.198","201908"
"2019-08-24 08:46:15.000","fr-ch.trustpilot.com","cname","wildcard-configurablehttpredirector.trustpilot.com","201908"
"2019-08-24 08:43:34.000","fr-fr.b2b.trustpilot.com","cname","b2b-configurablehttpredirector.trustpilot.com","201908"
"2019-08-24 08:46:00.000","fr.blog.trustpilot.com","a","34.243.151.99","201908"
"2019-08-24 08:46:00.000","fr.blog.trustpilot.com","a","63.34.192.88","201908"
"2019-08-24 08:39:21.000","fr.business.trustpilot.com","a","13.224.29.16","201908"
"2019-08-24 08:39:21.000","fr.business.trustpilot.com","a","13.224.29.121","201908"
"2019-08-24 08:39:21.000","fr.business.trustpilot.com","a","13.224.29.13","201908"
"2019-08-24 08:39:21.000","fr.business.trustpilot.com","a","13.224.29.50","201908"
"2019-08-24 08:48:38.000","fr.company.trustpilot.com","cname","wildcard-configurablehttpredirector.trustpilot.com","201908"
"2019-08-24 08:39:51.000","fr.legal.trustpilot.com","a","52.84.246.174","201908"
"2019-08-24 08:39:51.000","fr.legal.trustpilot.com","a","52.84.246.184","201908"
"2019-08-24 08:39:51.000","fr.legal.trustpilot.com","a","52.84.246.111","201908"
"2019-08-24 08:39:51.000","fr.legal.trustpilot.com","a","52.84.246.98","201908"
"2019-08-24 08:44:02.000","fr.trustpilot.com","a","13.32.253.174","201908"
"2019-08-24 08:44:02.000","fr.trustpilot.com","a","13.32.253.193","201908"
"2019-08-24 08:44:02.000","fr.trustpilot.com","a","13.32.253.137","201908"
"2019-08-24 08:44:02.000","fr.trustpilot.com","a","13.32.253.208","201908"
"2019-08-24 08:34:22.000","followthewhiterabbit.trustpilot.com","a","52.84.246.105","201908"
"2019-08-24 08:34:22.000","followthewhiterabbit.trustpilot.com","a","52.84.246.111","201908"
"2019-08-24 08:34:22.000","followthewhiterabbit.trustpilot.com","a","52.84.246.112","201908"
"2019-08-24 08:34:22.000","followthewhiterabbit.trustpilot.com","a","52.84.246.209","201908"
"2019-08-24 18:53:44.000","se.business.trustpilot.com","a","13.224.29.16","201908"
"2019-08-24 18:53:44.000","se.business.trustpilot.com","a","13.224.29.121","201908"
"2019-08-24 18:53:44.000","se.business.trustpilot.com","a","13.224.29.13","201908"
"2019-08-24 18:53:44.000","se.business.trustpilot.com","a","13.224.29.50","201908"
"2019-08-24 18:50:30.000","se.legal.trustpilot.com","a","52.84.246.177","201908"
"2019-08-24 18:50:30.000","se.legal.trustpilot.com","a","52.84.246.211","201908"
"2019-08-24 18:50:30.000","se.legal.trustpilot.com","a","52.84.246.52","201908"
"2019-08-24 18:50:30.000","se.legal.trustpilot.com","a","52.84.246.89","201908"
"2019-08-24 18:53:07.000","se.trustpilot.com","a","52.84.246.165","201908"
"2019-08-24 18:53:07.000","se.trustpilot.com","a","52.84.246.194","201908"
"2019-08-24 18:53:07.000","se.trustpilot.com","a","52.84.246.223","201908"
"2019-08-24 18:53:07.000","se.trustpilot.com","a","52.84.246.72","201908"
"2019-08-24 18:38:22.000","row.business.trustpilot.com","a","52.214.237.200","201908"
"2019-08-24 18:38:22.000","row.business.trustpilot.com","a","54.72.79.63","201908"
"2019-08-24 10:56:13.000","jp.trustpilot.com","a","52.84.246.165","201908"
"2019-08-24 10:56:13.000","jp.trustpilot.com","a","52.84.246.194","201908"
"2019-08-24 10:56:13.000","jp.trustpilot.com","a","52.84.246.223","201908"
"2019-08-24 10:56:13.000","jp.trustpilot.com","a","52.84.246.72","201908"
"2019-08-24 05:04:25.000","business.trustpilot.com","a","13.224.29.16","201908"
"2019-08-24 05:04:25.000","business.trustpilot.com","a","13.224.29.121","201908"
"2019-08-24 05:04:25.000","business.trustpilot.com","a","13.224.29.13","201908"
"2019-08-24 05:04:25.000","business.trustpilot.com","a","13.224.29.50","201908"
"2019-08-24 05:14:32.000","businessapp.b2b.trustpilot.com","a","13.33.147.19","201908"
"2019-08-24 05:14:32.000","businessapp.b2b.trustpilot.com","a","13.33.147.13","201908"
"2019-08-24 05:14:32.000","businessapp.b2b.trustpilot.com","a","13.33.147.221","201908"
"2019-08-24 05:14:32.000","businessapp.b2b.trustpilot.com","a","13.33.147.4","201908"
"2019-08-24 05:06:36.000","business-configurablehttpredirector.trustpilot.com","a","34.253.73.32","201908"
"2019-08-24 05:06:36.000","business-configurablehttpredirector.trustpilot.com","a","52.31.12.198","201908"
"2019-08-24 05:05:09.000","businessunitproducts-images.trustpilot.com","a","52.84.246.176","201908"
"2019-08-24 05:05:09.000","businessunitproducts-images.trustpilot.com","a","52.84.246.128","201908"
"2019-08-24 05:05:09.000","businessunitproducts-images.trustpilot.com","a","52.84.246.250","201908"
"2019-08-24 05:05:09.000","businessunitproducts-images.trustpilot.com","a","52.84.246.217","201908"
"2019-08-24 19:08:18.000","smtp.trustpilot.com","cname","smtp.sendgrid.net","201908"
"2019-08-24 04:18:09.000","at.business.trustpilot.com","a","34.253.73.32","201908"
"2019-08-24 04:18:09.000","at.business.trustpilot.com","a","52.31.12.198","201908"
"2019-08-24 04:15:32.000","at.legal.trustpilot.com","cname","wildcard-configurablehttpredirector.trustpilot.com","201908"
"2019-08-24 04:22:51.000","at.trustpilot.com","a","52.84.246.165","201908"
"2019-08-24 04:22:51.000","at.trustpilot.com","a","52.84.246.194","201908"
"2019-08-24 04:22:51.000","at.trustpilot.com","a","52.84.246.223","201908"
"2019-08-24 04:22:51.000","at.trustpilot.com","a","52.84.246.72","201908"
"2019-08-24 19:00:44.000","signup.business.trustpilot.com","a","52.214.237.200","201908"
"2019-08-24 19:00:44.000","signup.business.trustpilot.com","a","54.72.79.63","201908"
"2019-08-24 16:26:13.000","nl-be.trustpilot.com","a","13.33.147.141","201908"
"2019-08-24 16:26:13.000","nl-be.trustpilot.com","a","13.33.147.190","201908"
"2019-08-24 16:26:13.000","nl-be.trustpilot.com","a","13.33.147.252","201908"
"2019-08-24 16:26:13.000","nl-be.trustpilot.com","a","13.33.147.254","201908"
"2019-08-24 16:25:02.000","nl-nl.b2b.trustpilot.com","cname","b2b-configurablehttpredirector.trustpilot.com","201908"
"2019-08-24 16:24:24.000","nl.blog.trustpilot.com","a","34.243.151.99","201908"
"2019-08-24 16:24:24.000","nl.blog.trustpilot.com","a","52.211.215.89","201908"
"2019-08-24 16:26:01.000","nl.business.trustpilot.com","a","13.224.29.16","201908"
"2019-08-24 16:26:01.000","nl.business.trustpilot.com","a","13.224.29.121","201908"
"2019-08-24 16:26:01.000","nl.business.trustpilot.com","a","13.224.29.13","201908"
"2019-08-24 16:26:01.000","nl.business.trustpilot.com","a","13.224.29.50","201908"
"2019-08-24 16:28:47.000","nl.company.trustpilot.com","cname","wildcard-configurablehttpredirector.trustpilot.com","201908"
"2019-08-24 16:35:41.000","nl.legal.trustpilot.com","a","13.32.253.164","201908"
"2019-08-24 16:35:41.000","nl.legal.trustpilot.com","a","13.32.253.179","201908"
"2019-08-24 16:35:41.000","nl.legal.trustpilot.com","a","13.32.253.12","201908"
"2019-08-24 16:35:41.000","nl.legal.trustpilot.com","a","13.32.253.207","201908"
"2019-08-24 16:25:17.000","nl.trustpilot.com","a","52.84.246.165","201908"
"2019-08-24 16:25:17.000","nl.trustpilot.com","a","52.84.246.194","201908"
"2019-08-24 16:25:17.000","nl.trustpilot.com","a","52.84.246.223","201908"
"2019-08-24 16:25:17.000","nl.trustpilot.com","a","52.84.246.72","201908"
"2019-08-24 17:59:52.000","press.trustpilot.com","cname","ext-cust.squarespace.com","201908"
"2019-08-24 19:02:17.000","sk.trustpilot.com","cname","wildcard-configurablehttpredirector.trustpilot.com","201908"
"2019-08-24 21:00:45.000","widget.trustpilot.com","a","52.84.246.160","201908"
"2019-08-24 21:00:45.000","widget.trustpilot.com","a","52.84.246.252","201908"
"2019-08-24 21:00:45.000","widget.trustpilot.com","a","52.84.246.206","201908"
"2019-08-24 21:00:45.000","widget.trustpilot.com","a","52.84.246.36","201908"
"2019-08-24 07:11:21.000","de-be.trustpilot.com","cname","wildcard-configurablehttpredirector.trustpilot.com","201908"
"2019-08-24 07:05:10.000","de-de.b2b.trustpilot.com","cname","b2b-configurablehttpredirector.trustpilot.com","201908"
"2019-08-24 07:06:15.000","de.blog.trustpilot.com","a","34.243.151.99","201908"
"2019-08-24 07:06:15.000","de.blog.trustpilot.com","a","63.34.192.88","201908"
"2019-08-24 07:05:34.000","de.business.trustpilot.com","a","13.224.29.16","201908"
"2019-08-24 07:05:34.000","de.business.trustpilot.com","a","13.224.29.121","201908"
"2019-08-24 07:05:34.000","de.business.trustpilot.com","a","13.224.29.13","201908"
"2019-08-24 07:05:34.000","de.business.trustpilot.com","a","13.224.29.50","201908"
"2019-08-24 07:04:10.000","de.legal.trustpilot.com","a","13.33.147.230","201908"
"2019-08-24 07:04:10.000","de.legal.trustpilot.com","a","13.33.147.36","201908"
"2019-08-24 07:04:10.000","de.legal.trustpilot.com","a","13.33.147.49","201908"
"2019-08-24 07:04:10.000","de.legal.trustpilot.com","a","13.33.147.51","201908"
"2019-08-24 07:04:20.000","de.trustpilot.com","a","52.84.246.165","201908"
"2019-08-24 07:04:20.000","de.trustpilot.com","a","52.84.246.194","201908"
"2019-08-24 07:04:20.000","de.trustpilot.com","a","52.84.246.223","201908"
"2019-08-24 07:04:20.000","de.trustpilot.com","a","52.84.246.72","201908"
"2019-08-24 19:42:13.000","tech.trustpilot.com","a","52.0.16.118","201908"
"2019-08-24 19:42:13.000","tech.trustpilot.com","a","52.1.119.170","201908"
"2019-08-24 19:42:13.000","tech.trustpilot.com","a","52.1.147.205","201908"
"2019-08-24 19:42:13.000","tech.trustpilot.com","a","52.1.173.203","201908"
"2019-08-24 19:42:13.000","tech.trustpilot.com","a","52.4.145.119","201908"
"2019-08-24 19:42:13.000","tech.trustpilot.com","a","52.4.175.111","201908"
"2019-08-24 19:42:13.000","tech.trustpilot.com","a","52.4.225.124","201908"
"2019-08-24 19:42:13.000","tech.trustpilot.com","a","52.4.240.221","201908"
"2019-08-24 19:42:13.000","tech.trustpilot.com","a","52.4.38.70","201908"
"2019-08-24 19:42:13.000","tech.trustpilot.com","a","52.5.181.79","201908"
"2019-08-24 19:42:13.000","tech.trustpilot.com","a","52.6.46.142","201908"
"2019-08-24 19:42:13.000","tech.trustpilot.com","a","52.6.3.192","201908"
"2019-08-24 08:53:14.000","go.trustpilot.com","cname","wildcard-configurablehttpredirector.trustpilot.com","201908"
"2019-08-24 05:44:02.000","categories.b2b.trustpilot.com","a","13.32.253.163","201908"
"2019-08-24 05:44:02.000","categories.b2b.trustpilot.com","a","13.32.253.179","201908"
"2019-08-24 05:44:02.000","categories.b2b.trustpilot.com","a","13.32.253.122","201908"
"2019-08-24 05:44:02.000","categories.b2b.trustpilot.com","a","13.32.253.209","201908"
"2019-08-24 22:28:09.000","www.se.trustpilot.com","cname","wildcard-configurablehttpredirector.trustpilot.com","201908"
"2019-08-24 06:05:47.000","cn.trustpilot.com","cname","wildcard-configurablehttpredirector.trustpilot.com","201908"
"2019-08-24 20:56:50.000","webview.trustpilot.com","a","13.224.2.127","201908"
"2019-08-24 20:56:50.000","webview.trustpilot.com","a","13.224.2.29","201908"
"2019-08-24 20:56:50.000","webview.trustpilot.com","a","13.224.2.39","201908"
"2019-08-24 20:56:50.000","webview.trustpilot.com","a","13.224.2.6","201908"
"2019-08-24 04:09:01.000","apps.trustpilot.com","a","52.210.91.63","201908"
"2019-08-24 04:09:01.000","apps.trustpilot.com","a","54.77.190.27","201908"
"2019-08-24 10:27:29.000","invitations-api.trustpilot.com","cname","trustpilot-01.dn.apigee.net","201908"
"2019-08-24 10:33:38.000","invitations.b2b.trustpilot.com","a","52.84.246.236","201908"
"2019-08-24 10:33:38.000","invitations.b2b.trustpilot.com","a","52.84.246.32","201908"
"2019-08-24 10:33:38.000","invitations.b2b.trustpilot.com","a","52.84.246.54","201908"
"2019-08-24 10:33:38.000","invitations.b2b.trustpilot.com","a","52.84.246.86","201908"
"2019-08-24 10:24:08.000","invite.trustpilot.com","mx","10 mx.sendgrid.net","201908"
"2019-08-24 10:29:44.000","invitejs.trustpilot.com","a","52.84.246.181","201908"
"2019-08-24 10:29:44.000","invitejs.trustpilot.com","a","52.84.246.249","201908"
"2019-08-24 10:29:44.000","invitejs.trustpilot.com","a","52.84.246.218","201908"
"2019-08-24 10:29:44.000","invitejs.trustpilot.com","a","52.84.246.35","201908"
"2019-08-24 20:12:55.000","user-images.trustpilot.com","a","52.84.246.193","201908"
"2019-08-24 20:12:55.000","user-images.trustpilot.com","a","52.84.246.138","201908"
"2019-08-24 20:12:55.000","user-images.trustpilot.com","a","52.84.246.212","201908"
"2019-08-24 20:12:55.000","user-images.trustpilot.com","a","52.84.246.60","201908"
"2019-08-24 07:07:26.000","developers.trustpilot.com","a","13.33.147.27","201908"
"2019-08-24 07:07:26.000","developers.trustpilot.com","a","13.33.147.38","201908"
"2019-08-24 07:07:26.000","developers.trustpilot.com","a","13.33.147.68","201908"
"2019-08-24 07:07:26.000","developers.trustpilot.com","a","13.33.147.70","201908"
"2019-08-24 07:23:56.000","dk.blog.trustpilot.com","a","34.243.151.99","201908"
"2019-08-24 07:23:56.000","dk.blog.trustpilot.com","a","63.34.192.88","201908"
"2019-08-24 07:23:12.000","dk.business.trustpilot.com","a","13.224.29.16","201908"
"2019-08-24 07:23:12.000","dk.business.trustpilot.com","a","13.224.29.121","201908"
"2019-08-24 07:23:12.000","dk.business.trustpilot.com","a","13.224.29.13","201908"
"2019-08-24 07:23:12.000","dk.business.trustpilot.com","a","13.224.29.50","201908"
"2019-08-24 07:24:57.000","dk.legal.trustpilot.com","a","52.84.246.197","201908"
"2019-08-24 07:24:57.000","dk.legal.trustpilot.com","a","52.84.246.109","201908"
"2019-08-24 07:24:57.000","dk.legal.trustpilot.com","a","52.84.246.232","201908"
"2019-08-24 07:24:57.000","dk.legal.trustpilot.com","a","52.84.246.35","201908"
"2019-08-24 07:28:32.000","dk.trustpilot.com","a","52.84.246.165","201908"
"2019-08-24 07:28:32.000","dk.trustpilot.com","a","52.84.246.194","201908"
"2019-08-24 07:28:32.000","dk.trustpilot.com","a","52.84.246.223","201908"
"2019-08-24 07:28:32.000","dk.trustpilot.com","a","52.84.246.72","201908"
"2019-08-24 18:53:47.000","settings.b2b.trustpilot.com","a","13.33.147.154","201908"
"2019-08-24 18:53:47.000","settings.b2b.trustpilot.com","a","13.33.147.240","201908"
"2019-08-24 18:53:47.000","settings.b2b.trustpilot.com","a","13.33.147.251","201908"
"2019-08-24 18:53:47.000","settings.b2b.trustpilot.com","a","13.33.147.30","201908"
"2019-08-24 13:58:24.000","wildcard-configurablehttpredirector.trustpilot.com","a","52.209.18.43","201908"
"2019-08-24 04:15:32.000","wildcard-configurablehttpredirector.trustpilot.com","a","52.210.91.63","201908"
"2019-08-24 04:15:32.000","wildcard-configurablehttpredirector.trustpilot.com","a","54.77.190.27","201908"
"2019-08-24 05:01:36.000","br.business.trustpilot.com","a","34.253.73.32","201908"
"2019-08-24 05:01:36.000","br.business.trustpilot.com","a","52.31.12.198","201908"
"2019-08-24 04:59:24.000","br.trustpilot.com","a","13.32.253.15","201908"
"2019-08-24 04:59:24.000","br.trustpilot.com","a","13.32.253.165","201908"
"2019-08-24 04:59:24.000","br.trustpilot.com","a","13.32.253.174","201908"
"2019-08-24 04:59:24.000","br.trustpilot.com","a","13.32.253.193","201908"
"2019-08-24 08:13:35.000","emailsignature.trustpilot.com","a","52.84.246.175","201908"
"2019-08-24 08:13:35.000","emailsignature.trustpilot.com","a","52.84.246.135","201908"
"2019-08-24 08:13:35.000","emailsignature.trustpilot.com","a","52.84.246.250","201908"
"2019-08-24 08:13:35.000","emailsignature.trustpilot.com","a","52.84.246.60","201908"
"2019-08-24 19:23:12.000","ssl.trustpilot.com","a","52.84.246.152","201908"
"2019-08-24 19:23:12.000","ssl.trustpilot.com","a","52.84.246.122","201908"
"2019-08-24 19:23:12.000","ssl.trustpilot.com","a","52.84.246.229","201908"
"2019-08-24 19:23:12.000","ssl.trustpilot.com","a","52.84.246.65","201908"
"2019-08-24 10:19:29.000","il.trustpilot.com","cname","wildcard-configurablehttpredirector.trustpilot.com","201908"
"2019-08-24 10:55:47.000","jobs.trustpilot.com","a","52.210.91.63","201908"
"2019-08-24 10:55:47.000","jobs.trustpilot.com","a","54.77.190.27","201908"
"2019-08-24 18:29:44.000","ro.trustpilot.com","cname","wildcard-configurablehttpredirector.trustpilot.com","201908"
"2019-08-24 20:13:45.000","uk.business.trustpilot.com","a","13.224.29.16","201908"
"2019-08-24 20:13:45.000","uk.business.trustpilot.com","a","13.224.29.121","201908"
"2019-08-24 20:13:45.000","uk.business.trustpilot.com","a","13.224.29.13","201908"
"2019-08-24 20:13:45.000","uk.business.trustpilot.com","a","13.224.29.50","201908"
"2019-08-24 20:08:30.000","uk.legal.trustpilot.com","a","52.84.246.15","201908"
"2019-08-24 20:08:30.000","uk.legal.trustpilot.com","a","52.84.246.17","201908"
"2019-08-24 20:08:30.000","uk.legal.trustpilot.com","a","52.84.246.218","201908"
"2019-08-24 20:08:30.000","uk.legal.trustpilot.com","a","52.84.246.74","201908"
"2019-08-24 20:18:26.000","uk.trustpilot.com","a","52.84.246.165","201908"
"2019-08-24 20:18:26.000","uk.trustpilot.com","a","52.84.246.194","201908"
"2019-08-24 20:18:26.000","uk.trustpilot.com","a","52.84.246.223","201908"
"2019-08-24 20:18:26.000","uk.trustpilot.com","a","52.84.246.72","201908"
"2019-08-24 19:34:43.000","support.trustpilot.com","cname","trustpilot.zendesk.com","201908"
"2019-08-24 17:41:51.000","pl.trustpilot.com","a","13.33.147.141","201908"
"2019-08-24 17:41:51.000","pl.trustpilot.com","a","13.33.147.190","201908"
"2019-08-24 17:41:51.000","pl.trustpilot.com","a","13.33.147.254","201908"
"2019-08-24 17:41:51.000","pl.trustpilot.com","a","13.33.147.220","201908"
"2019-08-24 16:39:55.000","nz.trustpilot.com","a","13.32.253.189","201908"
"2019-08-24 16:39:55.000","nz.trustpilot.com","a","13.32.253.193","201908"
"2019-08-24 16:39:55.000","nz.trustpilot.com","a","13.32.253.12","201908"
"2019-08-24 16:39:55.000","nz.trustpilot.com","a","13.32.253.3","201908"
"2019-08-24 08:12:35.000","email.trustpilot.com","cname","sendgrid.net","201908"
"2019-08-24 16:28:12.000","no.business.trustpilot.com","a","13.224.29.16","201908"
"2019-08-24 16:28:12.000","no.business.trustpilot.com","a","13.224.29.121","201908"
"2019-08-24 16:28:12.000","no.business.trustpilot.com","a","13.224.29.13","201908"
"2019-08-24 16:28:12.000","no.business.trustpilot.com","a","13.224.29.50","201908"
"2019-08-24 16:25:27.000","no.legal.trustpilot.com","cname","wildcard-configurablehttpredirector.trustpilot.com","201908"
"2019-08-24 08:18:44.000","es-es.b2b.trustpilot.com","cname","b2b-configurablehttpredirector.trustpilot.com","201908"
"2019-08-24 08:20:18.000","es-us.business.trustpilot.com","a","34.253.73.32","201908"
"2019-08-24 08:20:18.000","es-us.business.trustpilot.com","a","52.31.12.198","201908"
"2019-08-24 08:22:35.000","es-us.trustpilot.com","cname","wildcard-configurablehttpredirector.trustpilot.com","201908"
"2019-08-24 08:16:21.000","es.business.trustpilot.com","a","13.224.29.16","201908"
"2019-08-24 08:16:21.000","es.business.trustpilot.com","a","13.224.29.121","201908"
"2019-08-24 08:16:21.000","es.business.trustpilot.com","a","13.224.29.13","201908"
"2019-08-24 08:16:21.000","es.business.trustpilot.com","a","13.224.29.50","201908"
"2019-08-24 08:15:22.000","es.legal.trustpilot.com","a","52.84.246.152","201908"
"2019-08-24 08:15:22.000","es.legal.trustpilot.com","a","52.84.246.168","201908"
"2019-08-24 08:15:22.000","es.legal.trustpilot.com","a","52.84.246.174","201908"
"2019-08-24 08:15:22.000","es.legal.trustpilot.com","a","52.84.246.4","201908"
"2019-08-24 08:16:22.000","es.trustpilot.com","a","13.32.253.174","201908"
"2019-08-24 08:16:22.000","es.trustpilot.com","a","13.32.253.193","201908"
"2019-08-24 08:16:22.000","es.trustpilot.com","a","13.32.253.137","201908"
"2019-08-24 08:16:22.000","es.trustpilot.com","a","13.32.253.208","201908"
"2019-08-24 04:12:57.000","au.business.trustpilot.com","a","13.224.29.16","201908"
"2019-08-24 04:12:57.000","au.business.trustpilot.com","a","13.224.29.121","201908"
"2019-08-24 04:12:57.000","au.business.trustpilot.com","a","13.224.29.13","201908"
"2019-08-24 04:12:57.000","au.business.trustpilot.com","a","13.224.29.50","201908"
"2019-08-24 04:13:02.000","au.trustpilot.com","a","52.84.246.165","201908"
"2019-08-24 04:13:02.000","au.trustpilot.com","a","52.84.246.194","201908"
"2019-08-24 04:13:02.000","au.trustpilot.com","a","52.84.246.223","201908"
"2019-08-24 04:13:02.000","au.trustpilot.com","a","52.84.246.72","201908"
"2019-08-24 22:25:41.000","www.press.trustpilot.com","cname","ext-cust.squarespace.com","201908"
"2019-08-24 19:07:44.000","simplicity.trustpilot.com","a","52.84.246.182","201908"
"2019-08-24 19:07:44.000","simplicity.trustpilot.com","a","52.84.246.254","201908"
"2019-08-24 19:07:44.000","simplicity.trustpilot.com","a","52.84.246.227","201908"
"2019-08-24 19:07:44.000","simplicity.trustpilot.com","a","52.84.246.32","201908"
"2019-08-24 07:23:43.000","documentation-supportdocumentation.trustpilot.com","a","13.33.147.154","201908"
"2019-08-24 07:23:43.000","documentation-supportdocumentation.trustpilot.com","a","13.33.147.130","201908"
"2019-08-24 07:23:43.000","documentation-supportdocumentation.trustpilot.com","a","13.33.147.68","201908"
"2019-08-24 07:23:43.000","documentation-supportdocumentation.trustpilot.com","a","13.33.147.69","201908"
"2019-08-24 11:30:39.000","link.trustpilot.com","a","52.84.246.151","201908"
"2019-08-24 11:30:39.000","link.trustpilot.com","a","52.84.246.189","201908"
"2019-08-24 11:30:39.000","link.trustpilot.com","a","52.84.246.240","201908"
"2019-08-24 11:30:39.000","link.trustpilot.com","a","52.84.246.205","201908"
"2019-08-24 20:05:35.000","ua.trustpilot.com","cname","wildcard-configurablehttpredirector.trustpilot.com","201908"
"2019-08-24 16:43:00.000","o1.email.trustpilot.com","a","74.63.202.239","201908"
"2019-08-24 16:43:08.000","o2.email.trustpilot.com","a","208.117.52.163","201908"
"2019-08-24 16:44:04.000","o3.email.trustpilot.com","a","167.89.34.30","201908"
"2019-08-24 16:51:46.000","o4.email.trustpilot.com","a","50.31.33.141","201908"
"2019-08-24 04:55:50.000","blog.trustpilot.com","a","34.243.151.99","201908"
"2019-08-24 04:55:50.000","blog.trustpilot.com","a","63.34.192.88","201908"
"2019-08-24 07:02:00.000","dashboard.b2b.trustpilot.com","a","52.84.246.145","201908"
"2019-08-24 07:02:00.000","dashboard.b2b.trustpilot.com","a","52.84.246.193","201908"
"2019-08-24 07:02:00.000","dashboard.b2b.trustpilot.com","a","52.84.246.250","201908"
"2019-08-24 07:02:00.000","dashboard.b2b.trustpilot.com","a","52.84.246.50","201908"
"2019-08-24 21:40:21.000","www.de.trustpilot.com","cname","wildcard-configurablehttpredirector.trustpilot.com","201908"
"2019-08-24 10:19:30.000","images-static.trustpilot.com","a","52.84.246.151","201908"
"2019-08-24 10:19:30.000","images-static.trustpilot.com","a","52.84.246.189","201908"
"2019-08-24 10:19:30.000","images-static.trustpilot.com","a","52.84.246.2","201908"
"2019-08-24 10:19:30.000","images-static.trustpilot.com","a","52.84.246.69","201908"
"2019-08-24 10:30:08.000","imagegenerator-businessapp.b2b.trustpilot.com","a","52.84.246.105","201908"
"2019-08-24 10:30:08.000","imagegenerator-businessapp.b2b.trustpilot.com","a","52.84.246.126","201908"
"2019-08-24 10:30:08.000","imagegenerator-businessapp.b2b.trustpilot.com","a","52.84.246.46","201908"
"2019-08-24 10:30:08.000","imagegenerator-businessapp.b2b.trustpilot.com","a","52.84.246.83","201908"
"2019-08-24 05:54:11.000","ch.trustpilot.com","a","13.33.147.190","201908"
"2019-08-24 05:54:11.000","ch.trustpilot.com","a","13.33.147.252","201908"
"2019-08-24 05:54:11.000","ch.trustpilot.com","a","13.33.147.254","201908"
"2019-08-24 05:54:11.000","ch.trustpilot.com","a","13.33.147.30","201908"
"2019-08-24 10:18:25.000","images.trustpilot.com","cname","images.trustpilot.com.s3.amazonaws.com","201908"
"2019-08-24 12:36:45.000","marketing.trustpilot.com","cname","2749863g13.secure0082.hubspot.net","201908"
"2019-08-24 07:05:56.000","design.trustpilot.com","cname","ext-cust.squarespace.com","201908"
"2019-08-24 10:05:35.000","httpredirect-blogredirector.trustpilot.com","a","34.243.151.99","201908"
"2019-08-24 10:05:35.000","httpredirect-blogredirector.trustpilot.com","a","63.34.192.88","201908"
"2019-08-24 10:13:27.000","hu.trustpilot.com","cname","wildcard-configurablehttpredirector.trustpilot.com","201908"
"2019-08-24 18:52:22.000","sg.trustpilot.com","cname","wildcard-configurablehttpredirector.trustpilot.com","201908"
"2019-08-24 21:50:33.000","www.business.trustpilot.com","a","52.214.237.200","201908"
"2019-08-24 21:50:33.000","www.business.trustpilot.com","a","54.72.79.63","201908"
"2019-08-24 16:45:21.000","o9.email.trustpilot.com","a","168.245.58.205","201908"
"2019-08-24 16:43:00.000","o5.email.trustpilot.com","a","50.31.33.140","201908"
"2019-08-24 16:45:10.000","o6.email.trustpilot.com","a","167.89.66.219","201908"
"2019-08-24 16:43:28.000","o7.email.trustpilot.com","a","168.245.92.177","201908"
"2019-08-24 16:46:58.000","o8.email.trustpilot.com","a","198.37.149.2","201908"
"2019-08-24 04:14:47.000","authenticate.trustpilot.com","a","34.243.129.196","201908"
"2019-08-24 04:14:47.000","authenticate.trustpilot.com","a","54.77.110.27","201908"
"2019-08-24 04:14:59.000","authentication.trustpilot.com","a","151.101.65.195","201908"
"2019-08-24 04:14:59.000","authentication.trustpilot.com","a","151.101.1.195","201908"
"2019-08-24 17:41:52.000","polyfills.trustpilot.com","a","52.84.246.18","201908"
"2019-08-24 17:41:52.000","polyfills.trustpilot.com","a","52.84.246.11","201908"
"2019-08-24 17:41:52.000","polyfills.trustpilot.com","a","52.84.246.112","201908"
"2019-08-24 17:41:52.000","polyfills.trustpilot.com","a","52.84.246.211","201908"
"2019-08-24 03:14:12.000","_dmarc.trustpilot.com","txt","|v=DMARC1; p=reject; rua=mailto:noreply-dmarc@trustpilot.com{U","201908"
"2019-08-24 08:23:52.000","ecommplugins-trustboxsettings.trustpilot.com","a","52.84.246.160","201908"
"2019-08-24 08:23:52.000","ecommplugins-trustboxsettings.trustpilot.com","a","52.84.246.17","201908"
"2019-08-24 08:23:52.000","ecommplugins-trustboxsettings.trustpilot.com","a","52.84.246.54","201908"
"2019-08-24 08:23:52.000","ecommplugins-trustboxsettings.trustpilot.com","a","52.84.246.80","201908"
"2019-08-24 19:46:40.000","sv-se.b2b.trustpilot.com","cname","b2b-configurablehttpredirector.trustpilot.com","201908"
"2019-08-24 20:02:50.000","tw.trustpilot.com","cname","wildcard-configurablehttpredirector.trustpilot.com","201908"
"2019-08-24 08:14:56.000","en-gb.b2b.trustpilot.com","cname","b2b-configurablehttpredirector.trustpilot.com","201908"
"2019-08-24 08:13:40.000","en-us.b2b.trustpilot.com","cname","b2b-configurablehttpredirector.trustpilot.com","201908"
"2019-08-24 09:13:27.000","hk.trustpilot.com","cname","wildcard-configurablehttpredirector.trustpilot.com","201908"
"2019-08-24 23:34:00.000","za.trustpilot.com","cname","wildcard-configurablehttpredirector.trustpilot.com","201908"
"2019-08-24 07:02:43.000","da-dk.b2b.trustpilot.com","cname","b2b-configurablehttpredirector.trustpilot.com","201908"
"2019-08-24 04:32:00.000","b2b-configurablehttpredirector.trustpilot.com","a","52.30.64.194","201908"
"2019-08-24 04:32:00.000","b2b-configurablehttpredirector.trustpilot.com","a","54.76.72.73","201908"
"2019-08-24 04:30:56.000","b2b.trustpilot.com","cname","wildcard-configurablehttpredirector.trustpilot.com","201908"
"2019-08-24 06:19:07.000","company.trustpilot.com","cname","wildcard-configurablehttpredirector.trustpilot.com","201908"
"2019-08-24 20:54:56.000","webmail.trustpilot.com","cname","ghs.google.com","201908"
"2019-08-24 18:34:51.000","rs.trustpilot.com","cname","wildcard-configurablehttpredirector.trustpilot.com","201908"
"2019-08-24 21:38:17.000","www.design.trustpilot.com","cname","ext-cust.squarespace.com","201908"
"2019-08-24 20:05:48.000","trustbox.trustpilot.com","a","52.84.246.152","201908"
"2019-08-24 20:05:48.000","trustbox.trustpilot.com","a","52.84.246.122","201908"
"2019-08-24 20:05:48.000","trustbox.trustpilot.com","a","52.84.246.229","201908"
"2019-08-24 20:05:48.000","trustbox.trustpilot.com","a","52.84.246.65","201908"
"2019-08-24 10:19:01.000","ie.trustpilot.com","a","52.84.246.165","201908"
"2019-08-24 10:19:01.000","ie.trustpilot.com","a","52.84.246.194","201908"
"2019-08-24 10:19:01.000","ie.trustpilot.com","a","52.84.246.223","201908"
"2019-08-24 10:19:01.000","ie.trustpilot.com","a","52.84.246.72","201908"
"2019-08-24 08:58:36.000","gr.business.trustpilot.com","a","34.253.73.32","201908"
"2019-08-24 08:58:36.000","gr.business.trustpilot.com","a","52.31.12.198","201908"
"2019-08-24 08:54:44.000","gr.trustpilot.com","cname","wildcard-configurablehttpredirector.trustpilot.com","201908"
"2019-08-24 20:10:07.000","us.business.trustpilot.com","a","52.214.237.200","201908"
"2019-08-24 20:10:07.000","us.business.trustpilot.com","a","54.72.79.63","201908"
"2019-08-24 20:10:50.000","us.trustpilot.com","cname","wildcard-configurablehttpredirector.trustpilot.com","201908"
"2019-08-24 06:24:44.000","consumer-assets.trustpilot.com","a","52.84.246.178","201908"
"2019-08-24 06:24:44.000","consumer-assets.trustpilot.com","a","52.84.246.249","201908"
"2019-08-24 06:24:44.000","consumer-assets.trustpilot.com","a","52.84.246.211","201908"
"2019-08-24 06:24:44.000","consumer-assets.trustpilot.com","a","52.84.246.65","201908"
"2019-08-24 06:23:31.000","content.trustpilot.com","a","52.84.246.15","201908"
"2019-08-24 06:23:31.000","content.trustpilot.com","a","52.84.246.111","201908"
"2019-08-24 06:23:31.000","content.trustpilot.com","a","52.84.246.54","201908"
"2019-08-24 06:23:31.000","content.trustpilot.com","a","52.84.246.50","201908"
"2019-08-24 18:37:50.000","ru.trustpilot.com","a","13.33.147.141","201908"
"2019-08-24 18:37:50.000","ru.trustpilot.com","a","13.33.147.190","201908"
"2019-08-24 18:37:50.000","ru.trustpilot.com","a","13.33.147.254","201908"
"2019-08-24 18:37:50.000","ru.trustpilot.com","a","13.33.147.220","201908"
"2019-08-24 18:03:51.000","productreviews.b2b.trustpilot.com","a","52.84.246.129","201908"
"2019-08-24 18:03:51.000","productreviews.b2b.trustpilot.com","a","52.84.246.252","201908"
"2019-08-24 18:03:51.000","productreviews.b2b.trustpilot.com","a","52.84.246.31","201908"
"2019-08-24 18:03:51.000","productreviews.b2b.trustpilot.com","a","52.84.246.42","201908"
"2019-08-24 18:01:31.000","productreviewsinvitations.b2b.trustpilot.com","a","52.84.246.177","201908"
"2019-08-24 18:01:31.000","productreviewsinvitations.b2b.trustpilot.com","a","52.84.246.114","201908"
"2019-08-24 18:01:31.000","productreviewsinvitations.b2b.trustpilot.com","a","52.84.246.69","201908"
"2019-08-24 18:01:31.000","productreviewsinvitations.b2b.trustpilot.com","a","52.84.246.62","201908"
"2019-08-24 18:02:28.000","productreviewswidgets.trustpilot.com","a","13.33.147.120","201908"
"2019-08-24 18:02:28.000","productreviewswidgets.trustpilot.com","a","13.33.147.127","201908"
"2019-08-24 18:02:28.000","productreviewswidgets.trustpilot.com","a","13.33.147.35","201908"
"2019-08-24 18:02:28.000","productreviewswidgets.trustpilot.com","a","13.33.147.91","201908"
"2019-08-24 19:29:09.000","stats-assets.trustpilot.com","a","52.84.246.194","201908"
"2019-08-24 19:29:09.000","stats-assets.trustpilot.com","a","52.84.246.121","201908"
"2019-08-24 19:29:09.000","stats-assets.trustpilot.com","a","52.84.246.35","201908"
"2019-08-24 19:29:09.000","stats-assets.trustpilot.com","a","52.84.246.98","201908"
"2019-08-24 19:27:44.000","status.trustpilot.com","cname","vxc0wzpxmzsr.stspg-customer.com","201908"
"2019-08-24 10:57:28.000","it-ch.trustpilot.com","cname","wildcard-configurablehttpredirector.trustpilot.com","201908"
"2019-08-24 11:00:43.000","it-it.b2b.trustpilot.com","cname","b2b-configurablehttpredirector.trustpilot.com","201908"
"2019-08-24 10:45:04.000","it.blog.trustpilot.com","a","34.243.151.99","201908"
"2019-08-24 10:45:04.000","it.blog.trustpilot.com","a","63.34.192.88","201908"
"2019-08-24 10:46:21.000","it.business.trustpilot.com","a","13.224.29.16","201908"
"2019-08-24 10:46:21.000","it.business.trustpilot.com","a","13.224.29.121","201908"
"2019-08-24 10:46:21.000","it.business.trustpilot.com","a","13.224.29.13","201908"
"2019-08-24 10:46:21.000","it.business.trustpilot.com","a","13.224.29.50","201908"
"2019-08-24 10:44:48.000","it.legal.trustpilot.com","a","52.84.246.128","201908"
"2019-08-24 10:44:48.000","it.legal.trustpilot.com","a","52.84.246.13","201908"
"2019-08-24 10:44:48.000","it.legal.trustpilot.com","a","52.84.246.240","201908"
"2019-08-24 10:44:48.000","it.legal.trustpilot.com","a","52.84.246.96","201908"
"2019-08-24 10:50:22.000","it.trustpilot.com","a","13.32.253.174","201908"
"2019-08-24 10:50:22.000","it.trustpilot.com","a","13.32.253.137","201908"
"2019-08-24 10:50:22.000","it.trustpilot.com","a","13.32.253.244","201908"
"2019-08-24 10:50:22.000","it.trustpilot.com","a","13.32.253.208","201908"
"2019-08-24 21:29:46.000","www.ca.trustpilot.com","cname","wildcard-configurablehttpredirector.trustpilot.com","201908"
"2019-08-24 18:58:47.000","sitemaps.trustpilot.com","a","52.84.246.161","201908"
"2019-08-24 18:58:47.000","sitemaps.trustpilot.com","a","52.84.246.132","201908"
"2019-08-24 18:58:47.000","sitemaps.trustpilot.com","a","52.84.246.227","201908"
"2019-08-24 18:58:47.000","sitemaps.trustpilot.com","a","52.84.246.4","201908"
"2019-08-24 04:05:13.000","api.trustpilot.com","cname","trustpilot-00.dn.apigee.net","201908"
"2019-08-24 05:41:16.000","ca.trustpilot.com","a","52.84.246.165","201908"
"2019-08-24 05:41:16.000","ca.trustpilot.com","a","52.84.246.194","201908"
"2019-08-24 05:41:16.000","ca.trustpilot.com","a","52.84.246.223","201908"
"2019-08-24 05:41:16.000","ca.trustpilot.com","a","52.84.246.72","201908"
"2019-08-24 18:54:02.000","share.trustpilot.com","a","52.84.246.103","201908"
"2019-08-24 18:54:02.000","share.trustpilot.com","a","52.84.246.108","201908"
"2019-08-24 18:54:02.000","share.trustpilot.com","a","52.84.246.121","201908"
"2019-08-24 18:54:02.000","share.trustpilot.com","a","52.84.246.35","201908"
"2019-08-24 13:58:24.000","mx.trustpilot.com","cname","wildcard-configurablehttpredirector.trustpilot.com","201908"
"2019-08-24 18:37:39.000","s.trustpilot.com","a","13.32.253.190","201908"
"2019-08-24 18:37:39.000","s.trustpilot.com","a","13.32.253.21","201908"
"2019-08-24 18:37:39.000","s.trustpilot.com","a","13.32.253.239","201908"
"2019-08-24 18:37:39.000","s.trustpilot.com","a","13.32.253.67","201908"
"2019-08-24 11:49:51.000","lt.trustpilot.com","cname","wildcard-configurablehttpredirector.trustpilot.com","201908"
"2019-08-24 18:06:33.000","pt.trustpilot.com","a","13.32.253.189","201908"
"2019-08-24 18:06:33.000","pt.trustpilot.com","a","13.32.253.193","201908"
"2019-08-24 18:06:33.000","pt.trustpilot.com","a","13.32.253.12","201908"
"2019-08-24 18:06:33.000","pt.trustpilot.com","a","13.32.253.3","201908"
"2019-08-24 22:38:16.000","www.trustpilot.com","a","52.84.246.165","201908"
"2019-08-24 22:38:16.000","www.trustpilot.com","a","52.84.246.194","201908"
"2019-08-24 22:38:16.000","www.trustpilot.com","a","52.84.246.223","201908"
"2019-08-24 22:38:16.000","www.trustpilot.com","a","52.84.246.72","201908"
"2019-08-24 11:23:23.000","legal.trustpilot.com","a","52.84.246.158","201908"
"2019-08-24 11:23:23.000","legal.trustpilot.com","a","52.84.246.229","201908"
"2019-08-24 11:23:23.000","legal.trustpilot.com","a","52.84.246.45","201908"
"2019-08-24 11:23:23.000","legal.trustpilot.com","a","52.84.246.91","201908"
"2019-08-24 21:36:13.000","www.dk.trustpilot.com","cname","wildcard-configurablehttpredirector.trustpilot.com","201908"
"2019-08-24 03:55:48.000","advertising.trustpilot.com","cname","unbouncepages.com","201908"
"2019-08-24 10:34:40.000","integrations.b2b.trustpilot.com","a","52.84.246.179","201908"
"2019-08-24 10:34:40.000","integrations.b2b.trustpilot.com","a","52.84.246.182","201908"
"2019-08-24 10:34:40.000","integrations.b2b.trustpilot.com","a","52.84.246.130","201908"
"2019-08-24 10:34:40.000","integrations.b2b.trustpilot.com","a","52.84.246.91","201908"
"2019-08-24 18:43:36.000","saleslofttr.trustpilot.com","cname","custom-tracking.salesloft.com","201908"
"2019-08-24 04:44:29.000","be.trustpilot.com","cname","wildcard-configurablehttpredirector.trustpilot.com","201908"
"2019-08-24 03:38:47.000","admin.trustpilot.com","a","34.251.95.247","201908"
"2019-08-24 03:38:47.000","admin.trustpilot.com","a","52.212.245.254","201908"
"2019-08-24 17:47:02.000","ponychallenge.trustpilot.com","a","34.251.201.178","201908"
"2019-08-24 17:47:02.000","ponychallenge.trustpilot.com","a","54.154.156.130","201908"
"2019-08-24 22:38:09.000","www.uk.trustpilot.com","cname","wildcard-configurablehttpredirector.trustpilot.com","201908"
"2019-08-24 08:28:13.000","fi.trustpilot.com","a","52.84.246.165","201908"
"2019-08-24 08:28:13.000","fi.trustpilot.com","a","52.84.246.194","201908"
"2019-08-24 08:28:13.000","fi.trustpilot.com","a","52.84.246.223","201908"
"2019-08-24 08:28:13.000","fi.trustpilot.com","a","52.84.246.72","201908"
