"2019-08-24 00:38:51.000","2017-denver.journalist.wordcamp.org","cname","wordcamp.org","201908"
"2019-08-24 00:39:15.000","2017.ahmedabad.wordcamp.org","cname","wordcamp.org","201908"
"2019-08-24 00:37:45.000","2017.albuquerque.wordcamp.org","cname","wordcamp.org","201908"
"2019-08-24 00:41:13.000","2017.alicante.wordcamp.org","cname","wordcamp.org","201908"
"2019-08-24 00:59:50.000","2017.annarbor.wordcamp.org","cname","wordcamp.org","201908"
"2019-08-24 00:39:25.000","2017.asheville.wordcamp.org","cname","wordcamp.org","201908"
"2019-08-24 00:39:31.000","2017.athens.wordcamp.org","cname","wordcamp.org","201908"
"2019-08-24 00:40:28.000","2017.atlanta.wordcamp.org","cname","wordcamp.org","201908"
"2019-08-24 00:40:07.000","2017.auckland.wordcamp.org","cname","wordcamp.org","201908"
"2019-08-24 00:38:33.000","2017.austin.wordcamp.org","cname","wordcamp.org","201908"
"2019-08-24 00:47:32.000","2017.baltimore.wordcamp.org","cname","wordcamp.org","201908"
"2019-08-24 00:40:41.000","2017.bangkok.wordcamp.org","cname","wordcamp.org","201908"
"2019-08-24 00:43:43.000","2017.belgrade.wordcamp.org","cname","wordcamp.org","201908"
"2019-08-24 00:38:13.000","2017.berlin.wordcamp.org","cname","wordcamp.org","201908"
"2019-08-24 00:39:17.000","2017.bern.wordcamp.org","cname","wordcamp.org","201908"
"2019-08-24 00:40:50.000","2017.bhopal.wordcamp.org","cname","wordcamp.org","201908"
"2019-08-24 00:40:17.000","2017.bilbao.wordcamp.org","cname","wordcamp.org","201908"
"2019-08-24 00:44:09.000","2017.birmingham.wordcamp.org","cname","wordcamp.org","201908"
"2019-08-24 00:37:23.000","2017.bogota.wordcamp.org","cname","wordcamp.org","201908"
"2019-08-24 00:40:25.000","2017.bologna.wordcamp.org","cname","wordcamp.org","201908"
"2019-08-24 00:40:58.000","2017.bordeaux.wordcamp.org","cname","wordcamp.org","201908"
"2019-08-24 00:39:14.000","2017.boston.wordcamp.org","cname","wordcamp.org","201908"
"2019-08-24 00:37:59.000","2017.bratislava.wordcamp.org","cname","wordcamp.org","201908"
"2019-08-24 00:38:44.000","2017.brighton.wordcamp.org","cname","wordcamp.org","201908"
"2019-08-24 00:39:26.000","2017.bristol.wordcamp.org","cname","wordcamp.org","201908"
"2019-08-24 00:43:51.000","2017.brno.wordcamp.org","cname","wordcamp.org","201908"
"2019-08-24 00:37:26.000","2017.bucharest.wordcamp.org","cname","wordcamp.org","201908"
"2019-08-24 00:41:32.000","2017.buea.wordcamp.org","cname","wordcamp.org","201908"
"2019-08-24 00:41:36.000","2017.buenosaires.wordcamp.org","cname","wordcamp.org","201908"
"2019-08-24 00:40:29.000","2017.calgary.wordcamp.org","cname","wordcamp.org","201908"
"2019-08-24 00:43:17.000","2017.capetown.wordcamp.org","cname","wordcamp.org","201908"
"2019-08-24 00:37:16.000","2017.chicago.wordcamp.org","cname","wordcamp.org","201908"
"2019-08-24 00:40:35.000","2017.chiclana.wordcamp.org","cname","wordcamp.org","201908"
"2019-08-24 00:39:56.000","2017.cincinnati.wordcamp.org","cname","wordcamp.org","201908"
"2019-08-24 00:39:42.000","2017.cologne.wordcamp.org","cname","wordcamp.org","201908"
"2019-08-24 00:48:53.000","2017.colombo.wordcamp.org","cname","wordcamp.org","201908"
"2019-08-24 00:47:19.000","2017.columbus.wordcamp.org","cname","wordcamp.org","201908"
"2019-08-24 00:38:34.000","2017.copenhagen.wordcamp.org","cname","wordcamp.org","201908"
"2019-08-24 00:38:44.000","2017.dayton.wordcamp.org","cname","wordcamp.org","201908"
"2019-08-24 00:37:48.000","2017.dc.wordcamp.org","cname","wordcamp.org","201908"
"2019-08-24 00:37:46.000","2017.delhi.wordcamp.org","cname","wordcamp.org","201908"
"2019-08-24 00:40:37.000","2017.denver.wordcamp.org","cname","wordcamp.org","201908"
"2019-08-24 00:46:54.000","2017.dfw.wordcamp.org","cname","wordcamp.org","201908"
"2019-08-24 00:38:57.000","2017.dublin.wordcamp.org","cname","wordcamp.org","201908"
"2019-08-24 00:38:47.000","2017.edinburgh.wordcamp.org","cname","wordcamp.org","201908"
"2019-08-24 00:39:06.000","2017.europe.wordcamp.org","cname","wordcamp.org","201908"
"2019-08-24 00:42:29.000","2017.fayetteville.wordcamp.org","cname","wordcamp.org","201908"
"2019-08-24 00:43:22.000","2017.grandrapids.wordcamp.org","cname","wordcamp.org","201908"
"2019-08-24 00:40:10.000","2017.halifax.wordcamp.org","cname","wordcamp.org","201908"
"2019-08-24 00:42:45.000","2017.hamilton.wordcamp.org","cname","wordcamp.org","201908"
"2019-08-24 00:39:05.000","2017.harare.wordcamp.org","cname","wordcamp.org","201908"
"2019-08-24 00:38:39.000","2017.helsinki.wordcamp.org","cname","wordcamp.org","201908"
"2019-08-24 00:39:11.000","2017.jackson.wordcamp.org","cname","wordcamp.org","201908"
"2019-08-24 00:38:32.000","2017.jacksonville.wordcamp.org","cname","wordcamp.org","201908"
"2019-08-24 00:51:13.000","2017.jakarta.wordcamp.org","cname","wordcamp.org","201908"
"2019-08-24 00:44:11.000","2017.johannesburg.wordcamp.org","cname","wordcamp.org","201908"
"2019-08-24 00:40:00.000","2017.kampala.wordcamp.org","cname","wordcamp.org","201908"
"2019-08-24 00:38:39.000","2017.kansascity.wordcamp.org","cname","wordcamp.org","201908"
"2019-08-24 00:40:07.000","2017.kathmandu.wordcamp.org","cname","wordcamp.org","201908"
"2019-08-24 00:42:19.000","2017.kent.wordcamp.org","cname","wordcamp.org","201908"
"2019-08-24 00:40:15.000","2017.kochi.wordcamp.org","cname","wordcamp.org","201908"
"2019-08-24 00:40:37.000","2017.kualalumpur.wordcamp.org","cname","wordcamp.org","201908"
"2019-08-24 00:44:09.000","2017.kyoto.wordcamp.org","cname","wordcamp.org","201908"
"2019-08-24 00:41:01.000","2017.la.wordcamp.org","cname","wordcamp.org","201908"
"2019-08-24 00:38:11.000","2017.lancasterpa.wordcamp.org","cname","wordcamp.org","201908"
"2019-08-24 00:37:53.000","2017.lehighvalley.wordcamp.org","cname","wordcamp.org","201908"
"2019-08-24 00:39:38.000","2017.london.wordcamp.org","cname","wordcamp.org","201908"
"2019-08-24 00:37:26.000","2017.lublin.wordcamp.org","cname","wordcamp.org","201908"
"2019-08-24 00:38:12.000","2017.madrid.wordcamp.org","cname","wordcamp.org","201908"
"2019-08-24 00:40:15.000","2017.mallorca.wordcamp.org","cname","wordcamp.org","201908"
"2019-08-24 00:38:40.000","2017.managua.wordcamp.org","cname","wordcamp.org","201908"
"2019-08-24 00:38:03.000","2017.manchester.wordcamp.org","cname","wordcamp.org","201908"
"2019-08-24 00:41:56.000","2017.manila.wordcamp.org","cname","wordcamp.org","201908"
"2019-08-24 00:38:05.000","2017.marseille.wordcamp.org","cname","wordcamp.org","201908"
"2019-08-24 00:41:48.000","2017.miami.wordcamp.org","cname","wordcamp.org","201908"
"2019-08-24 00:38:12.000","2017.milano.wordcamp.org","cname","wordcamp.org","201908"
"2019-08-24 00:37:23.000","2017.minneapolis.wordcamp.org","cname","wordcamp.org","201908"
"2019-08-24 00:40:07.000","2017.montreal.wordcamp.org","cname","wordcamp.org","201908"
"2019-08-24 00:38:47.000","2017.moscow.wordcamp.org","cname","wordcamp.org","201908"
"2019-08-24 00:39:41.000","2017.mumbai.wordcamp.org","cname","wordcamp.org","201908"
"2019-08-24 00:51:42.000","2017.nagpur.wordcamp.org","cname","wordcamp.org","201908"
"2019-08-24 00:41:48.000","2017.nairobi.wordcamp.org","cname","wordcamp.org","201908"
"2019-08-24 00:38:04.000","2017.nashik.wordcamp.org","cname","wordcamp.org","201908"
"2019-08-24 00:39:02.000","2017.nijmegen.wordcamp.org","cname","wordcamp.org","201908"
"2019-08-24 00:39:06.000","2017.nyc.wordcamp.org","cname","wordcamp.org","201908"
"2019-08-24 00:38:57.000","2017.oc.wordcamp.org","cname","wordcamp.org","201908"
"2019-08-24 00:39:21.000","2017.omaha.wordcamp.org","cname","wordcamp.org","201908"
"2019-08-24 00:38:25.000","2017.orlando.wordcamp.org","cname","wordcamp.org","201908"
"2019-08-24 00:38:10.000","2017.oslo.wordcamp.org","cname","wordcamp.org","201908"
"2019-08-24 00:44:55.000","2017.ottawa.wordcamp.org","cname","wordcamp.org","201908"
"2019-08-24 00:39:52.000","2017.philidelphia.wordcamp.org","cname","wordcamp.org","201908"
"2019-08-24 00:38:02.000","2017.philly.wordcamp.org","cname","wordcamp.org","201908"
"2019-08-24 01:06:36.000","2017.phoenix.wordcamp.org","cname","wordcamp.org","201908"
"2019-08-24 00:40:27.000","2017.portland.wordcamp.org","cname","wordcamp.org","201908"
"2019-08-24 00:37:36.000","2017.portlandme.wordcamp.org","cname","wordcamp.org","201908"
"2019-08-24 00:38:05.000","2017.portoalegre.wordcamp.org","cname","wordcamp.org","201908"
"2019-08-24 00:43:11.000","2017.prague.wordcamp.org","cname","wordcamp.org","201908"
"2019-08-24 00:49:46.000","2017.pune.wordcamp.org","cname","wordcamp.org","201908"
"2019-08-24 00:43:48.000","2017.rhodeisland.wordcamp.org","cname","wordcamp.org","201908"
"2019-08-24 00:42:40.000","2017.rochester.wordcamp.org","cname","wordcamp.org","201908"
"2019-08-24 00:42:25.000","2017.rome.wordcamp.org","cname","wordcamp.org","201908"
"2019-08-24 00:43:36.000","2017.sacramento.wordcamp.org","cname","wordcamp.org","201908"
"2019-08-24 00:44:30.000","2017.saigon.wordcamp.org","cname","wordcamp.org","201908"
"2019-08-24 00:39:33.000","2017.sanantonio.wordcamp.org","cname","wordcamp.org","201908"
"2019-08-24 00:37:44.000","2017.sandiego.wordcamp.org","cname","wordcamp.org","201908"
"2019-08-24 00:38:28.000","2017.sanjose.wordcamp.org","cname","wordcamp.org","201908"
"2019-08-24 00:39:01.000","2017.saopaulo.wordcamp.org","cname","wordcamp.org","201908"
"2019-08-24 00:37:50.000","2017.seattle.wordcamp.org","cname","wordcamp.org","201908"
"2019-08-24 00:40:16.000","2017.singapore.wordcamp.org","cname","wordcamp.org","201908"
"2019-08-24 00:39:28.000","2017.skopje.wordcamp.org","cname","wordcamp.org","201908"
"2019-08-24 00:40:18.000","2017.slc.wordcamp.org","cname","wordcamp.org","201908"
"2019-08-24 00:38:50.000","2017.sofia.wordcamp.org","cname","wordcamp.org","201908"
"2019-08-24 00:44:14.000","2017.stlouis.wordcamp.org","cname","wordcamp.org","201908"
"2019-08-24 00:38:53.000","2017.stockholm.wordcamp.org","cname","wordcamp.org","201908"
"2019-08-24 00:41:04.000","2017.testing.wordcamp.org","cname","wordcamp.org","201908"
"2019-08-24 00:40:00.000","2017.tokyo.wordcamp.org","cname","wordcamp.org","201908"
"2019-08-24 00:49:48.000","2017.torino.wordcamp.org","cname","wordcamp.org","201908"
"2019-08-24 00:38:42.000","2017.toronto.wordcamp.org","cname","wordcamp.org","201908"
"2019-08-24 00:41:38.000","2017.ubud.wordcamp.org","cname","wordcamp.org","201908"
"2019-08-24 00:38:43.000","2017.udaipur.wordcamp.org","cname","wordcamp.org","201908"
"2019-08-24 00:39:39.000","2017.utrecht.wordcamp.org","cname","wordcamp.org","201908"
"2019-08-24 00:39:49.000","2017.vancouver.wordcamp.org","cname","wordcamp.org","201908"
"2019-08-24 00:39:57.000","2017.varna.wordcamp.org","cname","wordcamp.org","201908"
"2019-08-24 00:45:25.000","2017.vegas.wordcamp.org","cname","wordcamp.org","201908"
"2019-08-24 00:42:40.000","2017.vienna.wordcamp.org","cname","wordcamp.org","201908"
"2019-08-24 00:41:02.000","2017.waukesha.wordcamp.org","cname","wordcamp.org","201908"
"2019-08-24 00:39:22.000","2017.wilmington.wordcamp.org","cname","wordcamp.org","201908"
"2019-08-24 00:39:55.000","2017.wordcamp.org","cname","wordcamp.org","201908"
"2019-08-24 00:38:58.000","2017.zagreb.wordcamp.org","cname","wordcamp.org","201908"
"2019-08-24 00:44:22.000","2017.zilina.wordcamp.org","cname","wordcamp.org","201908"
"2019-08-24 00:38:26.000","2018-chicago.publishers.wordcamp.org","cname","wordcamp.org","201908"
"2019-08-24 00:37:54.000","2018-nashville.organizers.wordcamp.org","cname","wordcamp.org","201908"
"2019-08-24 00:43:48.000","2018-soltau.retreat.wordcamp.org","cname","wordcamp.org","201908"
"2019-08-24 00:42:09.000","2018.albuquerque.wordcamp.org","cname","wordcamp.org","201908"
"2019-08-24 00:39:24.000","2018.antwerp.wordcamp.org","cname","wordcamp.org","201908"
"2019-08-24 00:38:12.000","2018.asheville.wordcamp.org","cname","wordcamp.org","201908"
"2019-08-24 00:37:22.000","2018.atlanta.wordcamp.org","cname","wordcamp.org","201908"
"2019-08-24 00:38:24.000","2018.baltimore.wordcamp.org","cname","wordcamp.org","201908"
"2019-08-24 00:39:19.000","2018.barcelona.wordcamp.org","cname","wordcamp.org","201908"
"2019-08-24 00:52:38.000","2018.belohorizonte.wordcamp.org","cname","wordcamp.org","201908"
"2019-08-24 00:39:03.000","2018.bhopal.wordcamp.org","cname","wordcamp.org","201908"
"2019-08-24 00:49:45.000","2018.bhubaneswar.wordcamp.org","cname","wordcamp.org","201908"
"2019-08-24 00:39:04.000","2018.bilbao.wordcamp.org","cname","wordcamp.org","201908"
"2019-08-24 00:39:12.000","2018.bogota.wordcamp.org","cname","wordcamp.org","201908"
"2019-08-24 00:39:46.000","2018.bologna.wordcamp.org","cname","wordcamp.org","201908"
"2019-08-24 00:43:14.000","2018.boston.wordcamp.org","cname","wordcamp.org","201908"
"2019-08-24 00:42:45.000","2018.bratislava.wordcamp.org","cname","wordcamp.org","201908"
"2019-08-24 00:42:28.000","2018.brighton.wordcamp.org","cname","wordcamp.org","201908"
"2019-08-24 00:42:50.000","2018.brisbane.wordcamp.org","cname","wordcamp.org","201908"
"2019-08-24 00:39:35.000","2018.brno.wordcamp.org","cname","wordcamp.org","201908"
"2019-08-24 00:40:35.000","2018.bucharest.wordcamp.org","cname","wordcamp.org","201908"
"2019-08-24 00:41:13.000","2018.buea.wordcamp.org","cname","wordcamp.org","201908"
"2019-08-24 00:39:15.000","2018.buffalo.wordcamp.org","cname","wordcamp.org","201908"
"2019-08-24 00:38:47.000","2018.bulawayo.wordcamp.org","cname","wordcamp.org","201908"
"2019-08-24 00:39:43.000","2018.caceres.wordcamp.org","cname","wordcamp.org","201908"
"2019-08-24 00:38:25.000","2018.calgary.wordcamp.org","cname","wordcamp.org","201908"
"2019-08-24 00:39:09.000","2018.cali.wordcamp.org","cname","wordcamp.org","201908"
"2019-08-24 00:52:19.000","2018.cancun.wordcamp.org","cname","wordcamp.org","201908"
"2019-08-24 00:37:52.000","2018.chicago.wordcamp.org","cname","wordcamp.org","201908"
"2019-08-24 00:38:27.000","2018.cologne.wordcamp.org","cname","wordcamp.org","201908"
"2019-08-24 00:42:33.000","2018.columbus.wordcamp.org","cname","wordcamp.org","201908"
"2019-08-24 00:46:13.000","2018.cusco.wordcamp.org","cname","wordcamp.org","201908"
"2019-08-24 00:39:07.000","2018.dayton.wordcamp.org","cname","wordcamp.org","201908"
"2019-08-24 00:43:12.000","2018.dc.wordcamp.org","cname","wordcamp.org","201908"
"2019-08-24 00:39:02.000","2018.detroit.wordcamp.org","cname","wordcamp.org","201908"
"2019-08-24 00:39:11.000","2018.dfw.wordcamp.org","cname","wordcamp.org","201908"
"2019-08-24 00:40:39.000","2018.edinburgh.wordcamp.org","cname","wordcamp.org","201908"
"2019-08-24 00:39:02.000","2018.europe.wordcamp.org","cname","wordcamp.org","201908"
"2019-08-24 00:37:51.000","2018.fayetteville.wordcamp.org","cname","wordcamp.org","201908"
"2019-08-24 00:40:33.000","2018.floripa.wordcamp.org","cname","wordcamp.org","201908"
"2019-08-24 00:46:35.000","2018.granada.wordcamp.org","cname","wordcamp.org","201908"
"2019-08-24 00:40:38.000","2018.grandrapids.wordcamp.org","cname","wordcamp.org","201908"
"2019-08-24 00:44:17.000","2018.greenville.wordcamp.org","cname","wordcamp.org","201908"
"2019-08-24 00:47:16.000","2018.guadalajara.wordcamp.org","cname","wordcamp.org","201908"
"2019-08-24 00:39:28.000","2018.harare.wordcamp.org","cname","wordcamp.org","201908"
"2019-08-24 00:39:27.000","2018.iloilo.wordcamp.org","cname","wordcamp.org","201908"
"2019-08-24 00:47:35.000","2018.islamabad.wordcamp.org","cname","wordcamp.org","201908"
"2019-08-24 00:40:29.000","2018.jackson.wordcamp.org","cname","wordcamp.org","201908"
"2019-08-24 00:39:07.000","2018.jacksonville.wordcamp.org","cname","wordcamp.org","201908"
"2019-08-24 00:44:25.000","2018.jakarta.wordcamp.org","cname","wordcamp.org","201908"
"2019-08-24 00:39:00.000","2018.johannesburg.wordcamp.org","cname","wordcamp.org","201908"
"2019-08-24 00:41:52.000","2018.jyvaskyla.wordcamp.org","cname","wordcamp.org","201908"
"2019-08-24 00:37:50.000","2018.kampala.wordcamp.org","cname","wordcamp.org","201908"
"2019-08-24 00:40:17.000","2018.kanpur.wordcamp.org","cname","wordcamp.org","201908"
"2019-08-24 00:38:04.000","2018.kansascity.wordcamp.org","cname","wordcamp.org","201908"
"2019-08-24 00:39:22.000","2018.karachi.wordcamp.org","cname","wordcamp.org","201908"
"2019-08-24 00:38:51.000","2018.kathmandu.wordcamp.org","cname","wordcamp.org","201908"
"2019-08-24 00:38:20.000","2018.kent.wordcamp.org","cname","wordcamp.org","201908"
"2019-08-24 00:38:08.000","2018.kigali.wordcamp.org","cname","wordcamp.org","201908"
"2019-08-24 00:38:11.000","2018.kochi.wordcamp.org","cname","wordcamp.org","201908"
"2019-08-24 00:38:45.000","2018.kolkata.wordcamp.org","cname","wordcamp.org","201908"
"2019-08-24 00:42:18.000","2018.kosice.wordcamp.org","cname","wordcamp.org","201908"
"2019-08-24 00:39:27.000","2018.kotakinabalu.wordcamp.org","cname","wordcamp.org","201908"
"2019-08-24 00:39:53.000","2018.kualalumpur.wordcamp.org","cname","wordcamp.org","201908"
"2019-08-24 00:38:14.000","2018.la.wordcamp.org","cname","wordcamp.org","201908"
"2019-08-24 00:39:21.000","2018.lancasterpa.wordcamp.org","cname","wordcamp.org","201908"
"2019-08-24 00:38:58.000","2018.laspalmas.wordcamp.org","cname","wordcamp.org","201908"
"2019-08-24 00:37:48.000","2018.lausanne.wordcamp.org","cname","wordcamp.org","201908"
"2019-08-24 00:39:32.000","2018.lille.wordcamp.org","cname","wordcamp.org","201908"
"2019-08-24 00:39:03.000","2018.london.wordcamp.org","cname","wordcamp.org","201908"
"2019-08-24 00:40:09.000","2018.londonca.wordcamp.org","cname","wordcamp.org","201908"
"2019-08-24 00:41:12.000","2018.madrid.wordcamp.org","cname","wordcamp.org","201908"
"2019-08-24 00:40:39.000","2018.managua.wordcamp.org","cname","wordcamp.org","201908"
"2019-08-24 00:38:46.000","2018.manchester.wordcamp.org","cname","wordcamp.org","201908"
"2019-08-24 00:42:41.000","2018.manila.wordcamp.org","cname","wordcamp.org","201908"
"2019-08-24 00:38:40.000","2018.mexicocity.wordcamp.org","cname","wordcamp.org","201908"
"2019-08-24 00:38:55.000","2018.miami.wordcamp.org","cname","wordcamp.org","201908"
"2019-08-24 00:39:40.000","2018.milano.wordcamp.org","cname","wordcamp.org","201908"
"2019-08-24 00:38:01.000","2018.milwaukee.wordcamp.org","cname","wordcamp.org","201908"
"2019-08-24 00:39:50.000","2018.minneapolis.wordcamp.org","cname","wordcamp.org","201908"
"2019-08-24 00:38:16.000","2018.mombasa.wordcamp.org","cname","wordcamp.org","201908"
"2019-08-24 00:45:31.000","2018.montevideo.wordcamp.org","cname","wordcamp.org","201908"
"2019-08-24 00:39:24.000","2018.montreal.wordcamp.org","cname","wordcamp.org","201908"
"2019-08-24 00:40:26.000","2018.moscow.wordcamp.org","cname","wordcamp.org","201908"
"2019-08-24 00:38:46.000","2018.mumbai.wordcamp.org","cname","wordcamp.org","201908"
"2019-08-24 00:41:03.000","2018.nagpur.wordcamp.org","cname","wordcamp.org","201908"
"2019-08-24 00:37:51.000","2018.nairobi.wordcamp.org","cname","wordcamp.org","201908"
"2019-08-24 00:41:23.000","2018.niagara.wordcamp.org","cname","wordcamp.org","201908"
"2019-08-24 00:54:37.000","2018.nice.wordcamp.org","cname","wordcamp.org","201908"
"2019-08-24 00:42:32.000","2018.noordnederland.wordcamp.org","cname","wordcamp.org","201908"
"2019-08-24 00:39:01.000","2018.nordic.wordcamp.org","cname","wordcamp.org","201908"
"2019-08-24 00:39:08.000","2018.norrkoping.wordcamp.org","cname","wordcamp.org","201908"
"2019-08-24 00:37:58.000","2018.nyc.wordcamp.org","cname","wordcamp.org","201908"
"2019-08-24 00:38:39.000","2018.ogijima.wordcamp.org","cname","wordcamp.org","201908"
"2019-08-24 00:40:23.000","2018.orlando.wordcamp.org","cname","wordcamp.org","201908"
"2019-08-24 00:38:29.000","2018.osaka.wordcamp.org","cname","wordcamp.org","201908"
"2019-08-24 00:38:23.000","2018.oslo.wordcamp.org","cname","wordcamp.org","201908"
"2019-08-24 00:45:30.000","2018.ottawa.wordcamp.org","cname","wordcamp.org","201908"
"2019-08-24 00:38:19.000","2018.paris.wordcamp.org","cname","wordcamp.org","201908"
"2019-08-24 00:37:30.000","2018.peoria.wordcamp.org","cname","wordcamp.org","201908"
"2019-08-24 00:38:13.000","2018.philadelphia.wordcamp.org","cname","wordcamp.org","201908"
"2019-08-24 00:38:15.000","2018.philly.wordcamp.org","cname","wordcamp.org","201908"
"2019-08-24 00:38:46.000","2018.phoenix.wordcamp.org","cname","wordcamp.org","201908"
"2019-08-24 00:40:00.000","2018.pittsburgh.wordcamp.org","cname","wordcamp.org","201908"
"2019-08-24 00:40:24.000","2018.pokhara.wordcamp.org","cname","wordcamp.org","201908"
"2019-08-24 00:43:40.000","2018.pontevedra.wordcamp.org","cname","wordcamp.org","201908"
"2019-08-24 00:38:41.000","2018.portland.wordcamp.org","cname","wordcamp.org","201908"
"2019-08-24 00:38:20.000","2018.portlandme.wordcamp.org","cname","wordcamp.org","201908"
"2019-08-24 00:38:10.000","2018.porto.wordcamp.org","cname","wordcamp.org","201908"
"2019-08-24 00:38:14.000","2018.portoalegre.wordcamp.org","cname","wordcamp.org","201908"
"2019-08-24 00:39:01.000","2018.poznan.wordcamp.org","cname","wordcamp.org","201908"
"2019-08-24 00:41:27.000","2018.prague.wordcamp.org","cname","wordcamp.org","201908"
"2019-08-24 00:55:45.000","2018.raleigh.wordcamp.org","cname","wordcamp.org","201908"
"2019-08-24 00:43:25.000","2018.riverside.wordcamp.org","cname","wordcamp.org","201908"
"2019-08-24 00:44:15.000","2018.rochester.wordcamp.org","cname","wordcamp.org","201908"
"2019-08-24 00:39:00.000","2018.rockford.wordcamp.org","cname","wordcamp.org","201908"
"2019-08-24 00:38:28.000","2018.rome.wordcamp.org","cname","wordcamp.org","201908"
"2019-08-24 00:37:34.000","2018.sacramento.wordcamp.org","cname","wordcamp.org","201908"
"2019-08-24 00:44:14.000","2018.saintpetersburg.wordcamp.org","cname","wordcamp.org","201908"
"2019-08-24 00:39:17.000","2018.sanantonio.wordcamp.org","cname","wordcamp.org","201908"
"2019-08-24 00:37:45.000","2018.sandiego.wordcamp.org","cname","wordcamp.org","201908"
"2019-08-24 00:42:10.000","2018.sanjose.wordcamp.org","cname","wordcamp.org","201908"
"2019-08-24 00:39:31.000","2018.seattle.wordcamp.org","cname","wordcamp.org","201908"
"2019-08-24 00:38:17.000","2018.sevilla.wordcamp.org","cname","wordcamp.org","201908"
"2019-08-24 00:40:11.000","2018.skopje.wordcamp.org","cname","wordcamp.org","201908"
"2019-08-24 00:39:57.000","2018.slc.wordcamp.org","cname","wordcamp.org","201908"
"2019-08-24 00:38:44.000","2018.sofia.wordcamp.org","cname","wordcamp.org","201908"
"2019-08-24 00:41:44.000","2018.stlouis.wordcamp.org","cname","wordcamp.org","201908"
"2019-08-24 00:38:19.000","2018.sydney.wordcamp.org","cname","wordcamp.org","201908"
"2019-08-24 00:38:20.000","2018.taipei.wordcamp.org","cname","wordcamp.org","201908"
"2019-08-24 00:37:48.000","2018.testing.wordcamp.org","cname","wordcamp.org","201908"
"2019-08-24 00:40:54.000","2018.thessaloniki.wordcamp.org","cname","wordcamp.org","201908"
"2019-08-24 00:39:02.000","2018.tokyo.wordcamp.org","cname","wordcamp.org","201908"
"2019-08-24 00:39:32.000","2018.torino.wordcamp.org","cname","wordcamp.org","201908"
"2019-08-24 00:37:27.000","2018.toronto.wordcamp.org","cname","wordcamp.org","201908"
"2019-08-24 00:42:02.000","2018.turku.wordcamp.org","cname","wordcamp.org","201908"
"2019-08-24 00:37:32.000","2018.udaipur.wordcamp.org","cname","wordcamp.org","201908"
"2019-08-24 00:39:32.000","2018.us.wordcamp.org","cname","wordcamp.org","201908"
"2019-08-24 00:38:54.000","2018.utrecht.wordcamp.org","cname","wordcamp.org","201908"
"2019-08-24 00:41:08.000","2018.vancouver.wordcamp.org","cname","wordcamp.org","201908"
"2019-08-24 00:42:06.000","2018.verona.wordcamp.org","cname","wordcamp.org","201908"
"2019-08-24 00:39:09.000","2018.vienna.wordcamp.org","cname","wordcamp.org","201908"
"2019-08-24 00:38:32.000","2018.virginiabeach.wordcamp.org","cname","wordcamp.org","201908"
"2019-08-24 00:37:36.000","2018.wellington.wordcamp.org","cname","wordcamp.org","201908"
"2019-08-24 00:43:32.000","2018.wilmington.wordcamp.org","cname","wordcamp.org","201908"
"2019-08-24 00:47:40.000","2018.wordcamp.org","cname","wordcamp.org","201908"
"2019-08-24 00:44:30.000","2018.wuerzburg.wordcamp.org","cname","wordcamp.org","201908"
"2019-08-24 00:39:42.000","2018.wurzburg.wordcamp.org","cname","wordcamp.org","201908"
"2019-08-24 00:38:05.000","2018.zilina.wordcamp.org","cname","wordcamp.org","201908"
"2019-08-24 00:39:46.000","2020-soltau.retreat.wordcamp.org","cname","wordcamp.org","201908"
"2019-08-24 00:40:10.000","2020.asia.wordcamp.org","cname","wordcamp.org","201908"
"2019-08-24 00:50:16.000","2020.atlanta.wordcamp.org","cname","wordcamp.org","201908"
"2019-08-24 00:41:36.000","2020.calgary.wordcamp.org","cname","wordcamp.org","201908"
"2019-08-24 00:41:46.000","2020.charlotte.wordcamp.org","cname","wordcamp.org","201908"
"2019-08-24 00:39:12.000","2020.chicago.wordcamp.org","cname","wordcamp.org","201908"
"2019-08-24 00:44:35.000","2020.dayton.wordcamp.org","cname","wordcamp.org","201908"
"2019-08-24 00:38:43.000","2020.douala.wordcamp.org","cname","wordcamp.org","201908"
"2019-08-24 00:39:22.000","2020.europe.wordcamp.org","cname","wordcamp.org","201908"
"2019-08-24 00:38:37.000","2020.geneve.wordcamp.org","cname","wordcamp.org","201908"
"2019-08-24 00:44:22.000","2020.greenville.wordcamp.org","cname","wordcamp.org","201908"
"2019-08-24 00:40:34.000","2020.houston.wordcamp.org","cname","wordcamp.org","201908"
"2019-08-24 00:41:57.000","2020.jacksonville.wordcamp.org","cname","wordcamp.org","201908"
"2019-08-24 00:37:59.000","2020.kolkata.wordcamp.org","cname","wordcamp.org","201908"
"2019-08-24 00:38:11.000","2020.miami.wordcamp.org","cname","wordcamp.org","201908"
"2019-08-24 00:43:41.000","2020.perth.wordcamp.org","cname","wordcamp.org","201908"
"2019-08-24 00:41:48.000","2020.phoenix.wordcamp.org","cname","wordcamp.org","201908"
"2019-08-24 00:38:22.000","2020.prague.wordcamp.org","cname","wordcamp.org","201908"
"2019-08-24 05:57:05.000","cantabria.wordcamp.org","cname","wordcamp.org","201908"
"2019-08-24 05:44:00.000","capetown.wordcamp.org","cname","wordcamp.org","201908"
"2019-08-24 04:49:05.000","bern.wordcamp.org","cname","wordcamp.org","201908"
"2019-08-24 06:18:38.000","core.trac.wordcamp.org","cname","wordcamp.org","201908"
"2019-08-24 08:58:49.000","guayaquil.wordcamp.org","cname","wordcamp.org","201908"
"2019-08-24 18:43:23.000","salvador.wordcamp.org","cname","wordcamp.org","201908"
"2019-08-24 04:13:51.000","athens.wordcamp.org","cname","wordcamp.org","201908"
"2019-08-24 04:17:25.000","atlanta.wordcamp.org","cname","wordcamp.org","201908"
"2019-08-24 04:21:54.000","atlanta2011.wordcamp.org","cname","wordcamp.org","201908"
"2019-08-24 05:48:46.000","central.wordcamp.org","cname","wordcamp.org","201908"
"2019-08-24 04:42:25.000","bari.wordcamp.org","cname","wordcamp.org","201908"
"2019-08-24 04:38:04.000","basque.wordcamp.org","cname","wordcamp.org","201908"
"2019-08-24 04:59:03.000","bournemouth.wordcamp.org","cname","wordcamp.org","201908"
"2019-08-24 12:45:49.000","miami.wordcamp.org","cname","wordcamp.org","201908"
"2019-08-24 18:09:39.000","pune.wordcamp.org","cname","wordcamp.org","201908"
"2019-08-24 10:54:58.000","jjjtest.wordcamp.org","cname","wordcamp.org","201908"
"2019-08-24 20:14:32.000","utah.wordcamp.org","cname","wordcamp.org","201908"
"2019-08-24 10:20:54.000","ileife.wordcamp.org","cname","wordcamp.org","201908"
"2019-08-24 10:19:07.000","iloilo.wordcamp.org","cname","wordcamp.org","201908"
"2019-08-24 11:39:25.000","lyon.wordcamp.org","cname","wordcamp.org","201908"
"2019-08-24 18:46:19.000","santaclarita.wordcamp.org","cname","wordcamp.org","201908"
"2019-08-24 18:46:21.000","santarosa.wordcamp.org","cname","wordcamp.org","201908"
"2019-08-24 18:46:05.000","saopaulo.wordcamp.org","cname","wordcamp.org","201908"
"2019-08-24 18:45:43.000","saratoga.wordcamp.org","cname","wordcamp.org","201908"
"2019-08-24 07:11:47.000","dfw.wordcamp.org","cname","wordcamp.org","201908"
"2019-08-24 17:37:00.000","perth.wordcamp.org","cname","wordcamp.org","201908"
"2019-08-24 09:10:53.000","helsinki.wordcamp.org","cname","wordcamp.org","201908"
"2019-08-24 11:19:31.000","lahore.wordcamp.org","cname","wordcamp.org","201908"
"2019-08-24 11:23:34.000","lancasterpa.wordcamp.org","cname","wordcamp.org","201908"
"2019-08-24 05:56:05.000","chicago.wordcamp.org","cname","wordcamp.org","201908"
"2019-08-24 06:06:19.000","chiclana.wordcamp.org","cname","wordcamp.org","201908"
"2019-08-24 12:44:14.000","mexico.wordcamp.org","cname","wordcamp.org","201908"
"2019-08-24 08:45:40.000","gdynia.wordcamp.org","cname","wordcamp.org","201908"
"2019-08-24 12:28:29.000","mail.wordcamp.org","a","66.155.40.234","201908"
"2019-08-24 18:00:24.000","prague.wordcamp.org","cname","wordcamp.org","201908"
"2019-08-24 20:08:00.000","udaipur.wordcamp.org","cname","wordcamp.org","201908"
"2019-08-24 10:44:20.000","israel.wordcamp.org","cname","wordcamp.org","201908"
"2019-08-24 22:01:18.000","www.kansascity.wordcamp.org","cname","wordcamp.org","201908"
"2019-08-24 04:54:28.000","birmingham.wordcamp.org","cname","wordcamp.org","201908"
"2019-08-24 05:56:37.000","chartreuse.wordcamp.org","cname","wordcamp.org","201908"
"2019-08-24 18:34:49.000","rhodeisland.wordcamp.org","cname","wordcamp.org","201908"
"2019-08-24 18:28:02.000","riga.wordcamp.org","cname","wordcamp.org","201908"
"2019-08-24 18:21:28.000","raleigh.wordcamp.org","cname","wordcamp.org","201908"
"2019-08-24 08:15:11.000","entebbe.wordcamp.org","cname","wordcamp.org","201908"
"2019-08-24 16:20:55.000","nijmegen.wordcamp.org","cname","wordcamp.org","201908"
"2019-08-24 03:07:31.000","_domainkey.2017.us.wordcamp.org","cname","wordcamp.org","201908"
"2019-08-24 10:49:19.000","jabalpur.wordcamp.org","cname","wordcamp.org","201908"
"2019-08-24 10:50:10.000","jacksonville.wordcamp.org","cname","wordcamp.org","201908"
"2019-08-24 11:15:27.000","kotakinabalu.wordcamp.org","cname","wordcamp.org","201908"
"2019-08-24 11:13:45.000","krakow.wordcamp.org","cname","wordcamp.org","201908"
"2019-08-24 20:21:31.000","verona.wordcamp.org","cname","wordcamp.org","201908"
"2019-08-24 11:03:14.000","kampala.wordcamp.org","cname","wordcamp.org","201908"
"2019-08-24 11:07:54.000","kanpur.wordcamp.org","cname","wordcamp.org","201908"
"2019-08-24 11:04:55.000","kansascity.wordcamp.org","cname","wordcamp.org","201908"
"2019-08-24 11:02:19.000","karachi.wordcamp.org","cname","wordcamp.org","201908"
"2019-08-24 16:13:52.000","nashik.wordcamp.org","cname","wordcamp.org","201908"
"2019-08-24 16:16:56.000","nc.wordcamp.org","cname","wordcamp.org","201908"
"2019-08-24 19:32:28.000","stuttgart.wordcamp.org","cname","wordcamp.org","201908"
"2019-08-24 20:23:30.000","virginiabeach.wordcamp.org","cname","wordcamp.org","201908"
"2019-08-24 13:36:25.000","mumbai.wordcamp.org","cname","wordcamp.org","201908"
"2019-08-24 18:39:01.000","rochester.wordcamp.org","cname","wordcamp.org","201908"
"2019-08-24 18:32:53.000","rockford.wordcamp.org","cname","wordcamp.org","201908"
"2019-08-24 16:31:00.000","northcanton.wordcamp.org","cname","wordcamp.org","201908"
"2019-08-24 16:29:18.000","norway.wordcamp.org","cname","wordcamp.org","201908"
"2019-08-24 20:32:43.000","wcsf2010dev.wordcamp.org","cname","wordcamp.org","201908"
"2019-08-24 20:35:33.000","wcsf2011-dev.wordcamp.org","cname","wordcamp.org","201908"
"2019-08-24 18:55:30.000","sevilla.wordcamp.org","cname","wordcamp.org","201908"
"2019-08-24 18:58:03.000","sf-old.wordcamp.org","cname","wordcamp.org","201908"
"2019-08-24 18:54:00.000","sf.wordcamp.org","cname","wordcamp.org","201908"
"2019-08-24 19:57:48.000","toronto.wordcamp.org","cname","wordcamp.org","201908"
"2019-08-24 20:12:09.000","torino.wordcamp.org","cname","wordcamp.org","201908"
"2019-08-24 16:58:26.000","orlando.wordcamp.org","cname","wordcamp.org","201908"
"2019-08-24 10:20:44.000","indonesia.wordcamp.org","cname","wordcamp.org","201908"
"2019-08-24 08:30:45.000","fayetteville.wordcamp.org","cname","wordcamp.org","201908"
"2019-08-24 07:03:28.000","cuttack.wordcamp.org","cname","wordcamp.org","201908"
"2019-08-24 12:30:52.000","marbella.wordcamp.org","cname","wordcamp.org","201908"
"2019-08-24 12:32:31.000","marseille.wordcamp.org","cname","wordcamp.org","201908"
"2019-08-24 17:01:38.000","oviedo.wordcamp.org","cname","wordcamp.org","201908"
"2019-08-24 05:17:23.000","brno.wordcamp.org","cname","wordcamp.org","201908"
"2019-08-24 21:06:57.000","wuerzburg.wordcamp.org","cname","wordcamp.org","201908"
"2019-08-24 21:10:51.000","www.2017.kansascity.wordcamp.org","cname","wordcamp.org","201908"
"2019-08-24 21:09:08.000","www.2017.udaipur.wordcamp.org","cname","wordcamp.org","201908"
"2019-08-24 04:52:30.000","bg.wordcamp.org","cname","wordcamp.org","201908"
"2019-08-24 04:49:32.000","bhopal.wordcamp.org","cname","wordcamp.org","201908"
"2019-08-24 04:51:45.000","biarritz.wordcamp.org","cname","wordcamp.org","201908"
"2019-08-24 19:33:01.000","support.wordcamp.org","a","66.155.40.234","201908"
"2019-08-24 18:51:57.000","scranton.wordcamp.org","cname","wordcamp.org","201908"
"2019-08-24 19:21:29.000","split.wordcamp.org","cname","wordcamp.org","201908"
"2019-08-24 13:11:11.000","montreal.wordcamp.org","cname","wordcamp.org","201908"
"2019-08-24 22:42:38.000","www.wordcamp.org","cname","wordcamp.org","201908"
"2019-08-24 16:19:02.000","netherlands.wordcamp.org","cname","wordcamp.org","201908"
"2019-08-24 16:19:36.000","newyork.wordcamp.org","cname","wordcamp.org","201908"
"2019-08-24 04:11:49.000","asia.wordcamp.org","cname","wordcamp.org","201908"
"2019-08-24 19:29:07.000","stlouis.wordcamp.org","cname","wordcamp.org","201908"
"2019-08-24 11:18:03.000","kyoto.wordcamp.org","cname","wordcamp.org","201908"
"2019-08-24 05:44:36.000","cardiff.wordcamp.org","cname","wordcamp.org","201908"
"2019-08-24 08:05:42.000","edmonton.wordcamp.org","cname","wordcamp.org","201908"
"2019-08-24 05:40:44.000","cadiz.wordcamp.org","cname","wordcamp.org","201908"
"2019-08-24 11:39:14.000","london.wordcamp.org","cname","wordcamp.org","201908"
"2019-08-24 06:17:44.000","cologne.wordcamp.org","cname","wordcamp.org","201908"
"2019-08-24 20:18:08.000","valencia.wordcamp.org","cname","wordcamp.org","201908"
"2019-08-24 04:56:41.000","bogota.wordcamp.org","cname","wordcamp.org","201908"
"2019-08-24 04:56:36.000","bologna.wordcamp.org","cname","wordcamp.org","201908"
"2019-08-24 05:01:15.000","boston.wordcamp.org","cname","wordcamp.org","201908"
"2019-08-24 13:07:29.000","mombasa.wordcamp.org","cname","wordcamp.org","201908"
"2019-08-24 19:40:32.000","taipei.wordcamp.org","cname","wordcamp.org","201908"
"2019-08-24 17:46:15.000","pontevedra.wordcamp.org","cname","wordcamp.org","201908"
"2019-08-24 11:32:44.000","lille.wordcamp.org","cname","wordcamp.org","201908"
"2019-08-24 11:32:16.000","lisboa.wordcamp.org","cname","wordcamp.org","201908"
"2019-08-24 11:35:02.000","lisbon.wordcamp.org","cname","wordcamp.org","201908"
"2019-08-24 11:30:15.000","lithuania.wordcamp.org","cname","wordcamp.org","201908"
"2019-08-24 06:57:40.000","croatia.wordcamp.org","cname","wordcamp.org","201908"
"2019-08-24 11:39:00.000","lublin.wordcamp.org","cname","wordcamp.org","201908"
"2019-08-24 17:26:33.000","palmademallorca.wordcamp.org","cname","wordcamp.org","201908"
"2019-08-24 05:39:27.000","ca.2014.mallorca.wordcamp.org","cname","wordcamp.org","201908"
"2019-08-24 10:51:43.000","jerusalem.wordcamp.org","cname","wordcamp.org","201908"
"2019-08-24 03:57:36.000","alicante.wordcamp.org","cname","wordcamp.org","201908"
"2019-08-24 11:10:03.000","kenya.wordcamp.org","cname","wordcamp.org","201908"
"2019-08-24 00:37:55.000","2006.sf.wordcamp.org","cname","wordcamp.org","201908"
"2019-08-24 00:40:48.000","2006.wordcamp.org","cname","wordcamp.org","201908"
"2019-08-24 00:42:57.000","2007.melbourne.wordcamp.org","cname","wordcamp.org","201908"
"2019-08-24 00:37:11.000","2007.sf.wordcamp.org","cname","wordcamp.org","201908"
"2019-08-24 00:40:13.000","2007.wordcamp.org","cname","wordcamp.org","201908"
"2019-08-24 00:36:33.000","2008-deleted-utah.wordcamp.org","cname","wordcamp.org","201908"
"2019-08-24 00:34:56.000","2008.birmingham.wordcamp.org","cname","wordcamp.org","201908"
"2019-08-24 00:36:03.000","2008.milano.wordcamp.org","cname","wordcamp.org","201908"
"2019-08-24 00:38:04.000","2008.nc.wordcamp.org","cname","wordcamp.org","201908"
"2019-08-24 00:36:41.000","2008.newyork.wordcamp.org","cname","wordcamp.org","201908"
"2019-08-24 00:35:42.000","2008.paris.wordcamp.org","cname","wordcamp.org","201908"
"2019-08-24 00:46:00.000","2008.portland.wordcamp.org","cname","wordcamp.org","201908"
"2019-08-24 00:38:30.000","2008.rdu.wordcamp.org","cname","wordcamp.org","201908"
"2019-08-24 00:35:22.000","2008.sf.wordcamp.org","cname","wordcamp.org","201908"
"2019-08-24 00:35:08.000","2008.wordcamp.org","cname","wordcamp.org","201908"
"2019-08-24 00:36:39.000","2009.birmingham.wordcamp.org","cname","wordcamp.org","201908"
"2019-08-24 00:35:40.000","2009.brazil.wordcamp.org","cname","wordcamp.org","201908"
"2019-08-24 00:38:36.000","2009.cardiff.wordcamp.org","cname","wordcamp.org","201908"
"2019-08-24 00:35:20.000","2009.denver.wordcamp.org","cname","wordcamp.org","201908"
"2019-08-24 00:35:56.000","2009.india.wordcamp.org","cname","wordcamp.org","201908"
"2019-08-24 00:37:19.000","2009.kyoto.wordcamp.org","cname","wordcamp.org","201908"
"2019-08-24 00:37:34.000","2009.milano.wordcamp.org","cname","wordcamp.org","201908"
"2019-08-24 00:35:16.000","2009.netherlands.wordcamp.org","cname","wordcamp.org","201908"
"2019-08-24 00:40:10.000","2009.newyork.wordcamp.org","cname","wordcamp.org","201908"
"2019-08-24 00:39:12.000","2009.peru.wordcamp.org","cname","wordcamp.org","201908"
"2019-08-24 00:36:51.000","2009.portland.wordcamp.org","cname","wordcamp.org","201908"
"2019-08-24 00:42:23.000","2009.sf.wordcamp.org","cname","wordcamp.org","201908"
"2019-08-24 00:36:34.000","2009.victoria.wordcamp.org","cname","wordcamp.org","201908"
"2019-08-24 00:38:58.000","2010-deleted-utah.wordcamp.org","cname","wordcamp.org","201908"
"2019-08-24 00:39:50.000","2010.boston.wordcamp.org","cname","wordcamp.org","201908"
"2019-08-24 00:37:37.000","2010.boulder.wordcamp.org","cname","wordcamp.org","201908"
"2019-08-24 00:43:50.000","2010.catania.wordcamp.org","cname","wordcamp.org","201908"
"2019-08-24 00:38:48.000","2010.curitiba.wordcamp.org","cname","wordcamp.org","201908"
"2019-08-24 00:39:59.000","2010.dallas.wordcamp.org","cname","wordcamp.org","201908"
"2019-08-24 00:37:24.000","2010.denver.wordcamp.org","cname","wordcamp.org","201908"
"2019-08-24 00:38:23.000","2010.ecuador.wordcamp.org","cname","wordcamp.org","201908"
"2019-08-24 00:40:54.000","2010.fayetteville.wordcamp.org","cname","wordcamp.org","201908"
"2019-08-24 00:43:47.000","2010.fukuoka.wordcamp.org","cname","wordcamp.org","201908"
"2019-08-24 00:41:29.000","2010.houston.wordcamp.org","cname","wordcamp.org","201908"
"2019-08-24 00:38:38.000","2010.la.wordcamp.org","cname","wordcamp.org","201908"
"2019-08-24 00:37:42.000","2010.manchester.wordcamp.org","cname","wordcamp.org","201908"
"2019-08-24 00:43:19.000","2010.netherlands.wordcamp.org","cname","wordcamp.org","201908"
"2019-08-24 00:41:51.000","2010.nyc.wordcamp.org","cname","wordcamp.org","201908"
"2019-08-24 00:37:37.000","2010.philippines.wordcamp.org","cname","wordcamp.org","201908"
"2019-08-24 00:37:03.000","2010.philly.wordcamp.org","cname","wordcamp.org","201908"
"2019-08-24 00:41:32.000","2010.phoenix.wordcamp.org","cname","wordcamp.org","201908"
"2019-08-24 00:37:21.000","2010.portland.wordcamp.org","cname","wordcamp.org","201908"
"2019-08-24 00:45:53.000","2010.savannah.wordcamp.org","cname","wordcamp.org","201908"
"2019-08-24 00:37:51.000","2010.sf.wordcamp.org","cname","wordcamp.org","201908"
"2019-08-24 00:37:43.000","2010.victoria.wordcamp.org","cname","wordcamp.org","201908"
"2019-08-24 00:38:26.000","2010bostonold.wordcamp.org","cname","wordcamp.org","201908"
"2019-08-24 00:38:04.000","2011-deleted-fortwayne.wordcamp.org","cname","wordcamp.org","201908"
"2019-08-24 00:37:26.000","2011-deleted-pittsburgh.wordcamp.org","cname","wordcamp.org","201908"
"2019-08-24 00:39:13.000","2011-fr.montreal.wordcamp.org","cname","wordcamp.org","201908"
"2019-08-24 00:38:46.000","2011.albuquerque.wordcamp.org","cname","wordcamp.org","201908"
"2019-08-24 00:38:15.000","2011.austin.wordcamp.org","cname","wordcamp.org","201908"
"2019-08-24 00:37:51.000","2011.boston.wordcamp.org","cname","wordcamp.org","201908"
"2019-08-24 00:40:29.000","2011.capetown.wordcamp.org","cname","wordcamp.org","201908"
"2019-08-24 00:38:31.000","2011.chicago.wordcamp.org","cname","wordcamp.org","201908"
"2019-08-24 00:39:52.000","2011.denmark.wordcamp.org","cname","wordcamp.org","201908"
"2019-08-24 00:38:48.000","2011.detroit.wordcamp.org","cname","wordcamp.org","201908"
"2019-08-24 00:37:07.000","2011.edmonton.wordcamp.org","cname","wordcamp.org","201908"
"2019-08-24 00:39:21.000","2011.fayetteville.wordcamp.org","cname","wordcamp.org","201908"
"2019-08-24 00:39:38.000","2011.goldcoast.wordcamp.org","cname","wordcamp.org","201908"
"2019-08-24 00:38:49.000","2011.jabalpur.wordcamp.org","cname","wordcamp.org","201908"
"2019-08-24 00:38:44.000","2011.kansascity.wordcamp.org","cname","wordcamp.org","201908"
"2019-08-24 00:37:16.000","2011.kenya.wordcamp.org","cname","wordcamp.org","201908"
"2019-08-24 00:41:41.000","2011.la.wordcamp.org","cname","wordcamp.org","201908"
"2019-08-24 00:38:28.000","2011.lisboa.wordcamp.org","cname","wordcamp.org","201908"
"2019-08-24 00:37:18.000","2011.louisville.wordcamp.org","cname","wordcamp.org","201908"
"2019-08-24 00:38:04.000","2011.mexico.wordcamp.org","cname","wordcamp.org","201908"
"2019-08-24 00:38:15.000","2011.milano.wordcamp.org","cname","wordcamp.org","201908"
"2019-08-24 00:37:43.000","2011.modena.wordcamp.org","cname","wordcamp.org","201908"
"2019-08-24 00:41:07.000","2011.montreal.wordcamp.org","cname","wordcamp.org","201908"
"2019-08-24 00:40:23.000","2011.newzealand.wordcamp.org","cname","wordcamp.org","201908"
"2019-08-24 00:38:18.000","2011.oc.wordcamp.org","cname","wordcamp.org","201908"
"2019-08-24 00:38:45.000","2011.omaha.wordcamp.org","cname","wordcamp.org","201908"
"2019-08-24 00:40:07.000","2011.orlando.wordcamp.org","cname","wordcamp.org","201908"
"2019-08-24 00:37:53.000","2011.paris.wordcamp.org","cname","wordcamp.org","201908"
"2019-08-24 00:39:09.000","2011.philly.wordcamp.org","cname","wordcamp.org","201908"
"2019-08-24 00:38:28.000","2011.portland.wordcamp.org","cname","wordcamp.org","201908"
"2019-08-24 00:38:38.000","2011.portsmouth.wordcamp.org","cname","wordcamp.org","201908"
"2019-08-24 00:38:18.000","2011.poznan.wordcamp.org","cname","wordcamp.org","201908"
"2019-08-24 00:37:08.000","2011.reno.wordcamp.org","cname","wordcamp.org","201908"
"2019-08-24 00:37:37.000","2011.richmond.wordcamp.org","cname","wordcamp.org","201908"
"2019-08-24 00:42:13.000","2011.sandiego.wordcamp.org","cname","wordcamp.org","201908"
"2019-08-24 00:38:10.000","2011.sevilla.wordcamp.org","cname","wordcamp.org","201908"
"2019-08-24 00:38:56.000","2011.sf.wordcamp.org","cname","wordcamp.org","201908"
"2019-08-24 00:38:06.000","2011.singapore.wordcamp.org","cname","wordcamp.org","201908"
"2019-08-24 00:37:51.000","2011.slc.wordcamp.org","cname","wordcamp.org","201908"
"2019-08-24 00:37:42.000","2011.sofia.wordcamp.org","cname","wordcamp.org","201908"
"2019-08-24 00:50:31.000","2011.tokyo.wordcamp.org","cname","wordcamp.org","201908"
"2019-08-24 00:37:49.000","2011.toronto.wordcamp.org","cname","wordcamp.org","201908"
"2019-08-24 00:43:04.000","2011.vegas.wordcamp.org","cname","wordcamp.org","201908"
"2019-08-24 00:37:59.000","2011.victoria.wordcamp.org","cname","wordcamp.org","201908"
"2019-08-24 00:39:27.000","2011test.wordcamp.org","cname","wordcamp.org","201908"
"2019-08-24 00:38:55.000","2012-deleted-azerbaijan.wordcamp.org","cname","wordcamp.org","201908"
"2019-08-24 00:38:48.000","2012-deleted-bangkok.wordcamp.org","cname","wordcamp.org","201908"
"2019-08-24 00:37:32.000","2012-deleted-hawaii.wordcamp.org","cname","wordcamp.org","201908"
"2019-08-24 00:40:41.000","2012-deleted-istanbul.wordcamp.org","cname","wordcamp.org","201908"
"2019-08-24 00:36:57.000","2012-deleted-madrid.wordcamp.org","cname","wordcamp.org","201908"
"2019-08-24 00:53:34.000","2012-deleted-oshawa.wordcamp.org","cname","wordcamp.org","201908"
"2019-08-24 00:40:24.000","2012-deleted-sacramento.wordcamp.org","cname","wordcamp.org","201908"
"2019-08-24 00:37:10.000","2012-deleted-savannah.wordcamp.org","cname","wordcamp.org","201908"
"2019-08-24 00:41:19.000","2012-deleted-vilnius.wordcamp.org","cname","wordcamp.org","201908"
"2019-08-24 00:37:31.000","2012-dev.toronto.wordcamp.org","cname","wordcamp.org","201908"
"2019-08-24 00:39:18.000","2012-fr.montreal.wordcamp.org","cname","wordcamp.org","201908"
"2019-08-24 00:38:26.000","2012.albuquerque.wordcamp.org","cname","wordcamp.org","201908"
"2019-08-24 00:39:23.000","2012.argentina.wordcamp.org","cname","wordcamp.org","201908"
"2019-08-24 00:38:40.000","2012.atlanta.wordcamp.org","cname","wordcamp.org","201908"
"2019-08-24 00:38:09.000","2012.austin.wordcamp.org","cname","wordcamp.org","201908"
"2019-08-24 00:38:23.000","2012.baltimore.wordcamp.org","cname","wordcamp.org","201908"
"2019-08-24 00:39:00.000","2012.bangkok.wordcamp.org","cname","wordcamp.org","201908"
"2019-08-24 00:38:21.000","2012.baroda.wordcamp.org","cname","wordcamp.org","201908"
"2019-08-24 00:41:18.000","2012.birmingham.wordcamp.org","cname","wordcamp.org","201908"
"2019-08-24 00:37:24.000","2012.bologna.wordcamp.org","cname","wordcamp.org","201908"
"2019-08-24 00:37:41.000","2012.bos.wordcamp.org","cname","wordcamp.org","201908"
"2019-08-24 00:37:21.000","2012.boston.wordcamp.org","cname","wordcamp.org","201908"
"2019-08-24 00:37:16.000","2012.buffalo.wordcamp.org","cname","wordcamp.org","201908"
"2019-08-24 00:42:11.000","2012.chicago.wordcamp.org","cname","wordcamp.org","201908"
"2019-08-24 00:37:32.000","2012.columbus.wordcamp.org","cname","wordcamp.org","201908"
"2019-08-24 00:42:02.000","2012.curitiba.wordcamp.org","cname","wordcamp.org","201908"
"2019-08-24 00:39:20.000","2012.cuttack.wordcamp.org","cname","wordcamp.org","201908"
"2019-08-24 00:37:49.000","2012.detroit.wordcamp.org","cname","wordcamp.org","201908"
"2019-08-24 00:37:26.000","2012.edinburgh.wordcamp.org","cname","wordcamp.org","201908"
"2019-08-24 00:37:41.000","2012.edmonton.wordcamp.org","cname","wordcamp.org","201908"
"2019-08-24 00:37:53.000","2012.gdansk.wordcamp.org","cname","wordcamp.org","201908"
"2019-08-24 00:38:03.000","2012.grandrapids.wordcamp.org","cname","wordcamp.org","201908"
"2019-08-24 00:38:21.000","2012.greece.wordcamp.org","cname","wordcamp.org","201908"
"2019-08-24 00:41:44.000","2012.kansascity.wordcamp.org","cname","wordcamp.org","201908"
"2019-08-24 00:40:42.000","2012.kenya.wordcamp.org","cname","wordcamp.org","201908"
"2019-08-24 00:39:50.000","2012.la.wordcamp.org","cname","wordcamp.org","201908"
"2019-08-24 00:39:24.000","2012.lisboa.wordcamp.org","cname","wordcamp.org","201908"
"2019-08-24 00:37:11.000","2012.milano.wordcamp.org","cname","wordcamp.org","201908"
"2019-08-24 00:39:02.000","2012.milwaukee.wordcamp.org","cname","wordcamp.org","201908"
"2019-08-24 00:37:50.000","2012.montreal.wordcamp.org","cname","wordcamp.org","201908"
"2019-08-24 00:38:47.000","2012.mumbai.wordcamp.org","cname","wordcamp.org","201908"
"2019-08-24 00:37:25.000","2012.nashville.wordcamp.org","cname","wordcamp.org","201908"
"2019-08-24 00:43:15.000","2012.netherlands.wordcamp.org","cname","wordcamp.org","201908"
"2019-08-24 00:39:27.000","2012.newzealand.wordcamp.org","cname","wordcamp.org","201908"
"2019-08-24 00:37:58.000","2012.norway.wordcamp.org","cname","wordcamp.org","201908"
"2019-08-24 00:39:28.000","2012.nyc.wordcamp.org","cname","wordcamp.org","201908"
"2019-08-24 00:42:34.000","2012.oc.wordcamp.org","cname","wordcamp.org","201908"
"2019-08-24 00:44:57.000","2012.orlando.wordcamp.org","cname","wordcamp.org","201908"
"2019-08-24 00:48:06.000","2012.osaka.wordcamp.org","cname","wordcamp.org","201908"
"2019-08-24 00:43:08.000","2012.paris.wordcamp.org","cname","wordcamp.org","201908"
"2019-08-24 00:44:57.000","2012.philippines.wordcamp.org","cname","wordcamp.org","201908"
"2019-08-24 00:38:26.000","2012.philly.wordcamp.org","cname","wordcamp.org","201908"
"2019-08-24 00:41:13.000","2012.phoenix.wordcamp.org","cname","wordcamp.org","201908"
"2019-08-24 00:37:42.000","2012.ponce.wordcamp.org","cname","wordcamp.org","201908"
"2019-08-24 00:39:36.000","2012.portland.wordcamp.org","cname","wordcamp.org","201908"
"2019-08-24 00:37:39.000","2012.providence.wordcamp.org","cname","wordcamp.org","201908"
"2019-08-24 00:37:10.000","2012.pune.wordcamp.org","cname","wordcamp.org","201908"
"2019-08-24 00:37:17.000","2012.raleigh.wordcamp.org","cname","wordcamp.org","201908"
"2019-08-24 00:39:36.000","2012.reno.wordcamp.org","cname","wordcamp.org","201908"
"2019-08-24 00:44:31.000","2012.sandiego.wordcamp.org","cname","wordcamp.org","201908"
"2019-08-24 00:38:49.000","2012.saopaulo.wordcamp.org","cname","wordcamp.org","201908"
"2019-08-24 00:37:27.000","2012.seattle.wordcamp.org","cname","wordcamp.org","201908"
"2019-08-24 00:37:19.000","2012.sevilla.wordcamp.org","cname","wordcamp.org","201908"
"2019-08-24 00:42:46.000","2012.slc.wordcamp.org","cname","wordcamp.org","201908"
"2019-08-24 00:39:10.000","2012.slovakia.wordcamp.org","cname","wordcamp.org","201908"
"2019-08-24 00:42:40.000","2012.sofia.wordcamp.org","cname","wordcamp.org","201908"
"2019-08-24 00:44:43.000","2012.stlouis.wordcamp.org","cname","wordcamp.org","201908"
"2019-08-24 00:37:31.000","2012.stockholm.wordcamp.org","cname","wordcamp.org","201908"
"2019-08-24 00:40:25.000","2012.sydney.wordcamp.org","cname","wordcamp.org","201908"
"2019-08-24 00:37:52.000","2012.tokyo.wordcamp.org","cname","wordcamp.org","201908"
"2019-08-24 00:51:52.000","2012.toronto.wordcamp.org","cname","wordcamp.org","201908"
"2019-08-24 00:37:13.000","2012.torontodev.wordcamp.org","cname","wordcamp.org","201908"
"2019-08-24 00:37:39.000","2012.vancouver.wordcamp.org","cname","wordcamp.org","201908"
"2019-08-24 00:46:59.000","2012.vegas.wordcamp.org","cname","wordcamp.org","201908"
"2019-08-24 00:37:47.000","2012.victoria.wordcamp.org","cname","wordcamp.org","201908"
"2019-08-24 00:44:22.000","2014-ca.mallorca.wordcamp.org","cname","wordcamp.org","201908"
"2019-08-24 00:37:49.000","2014-de.mallorca.wordcamp.org","cname","wordcamp.org","201908"
"2019-08-24 00:48:23.000","2014-es.mallorca.wordcamp.org","cname","wordcamp.org","201908"
"2019-08-24 00:38:16.000","2014-fr.montreal.wordcamp.org","cname","wordcamp.org","201908"
"2019-08-24 00:38:39.000","2014-photo-contest.miami.wordcamp.org","cname","wordcamp.org","201908"
"2019-08-24 00:38:57.000","2014.annarbor.wordcamp.org","cname","wordcamp.org","201908"
"2019-08-24 00:38:09.000","2014.atlanta.wordcamp.org","cname","wordcamp.org","201908"
"2019-08-24 00:38:23.000","2014.auckland.wordcamp.org","cname","wordcamp.org","201908"
"2019-08-24 00:40:13.000","2014.austin.wordcamp.org","cname","wordcamp.org","201908"
"2019-08-24 00:44:08.000","2014.baroda.wordcamp.org","cname","wordcamp.org","201908"
"2019-08-24 00:38:59.000","2014.belohorizonte.wordcamp.org","cname","wordcamp.org","201908"
"2019-08-24 01:01:33.000","2014.birmingham.wordcamp.org","cname","wordcamp.org","201908"
"2019-08-24 00:48:25.000","2014.boston.wordcamp.org","cname","wordcamp.org","201908"
"2019-08-24 00:38:54.000","2014.bournemouth.wordcamp.org","cname","wordcamp.org","201908"
"2019-08-24 00:39:36.000","2014.brighton.wordcamp.org","cname","wordcamp.org","201908"
"2019-08-24 00:38:15.000","2014.buffalo.wordcamp.org","cname","wordcamp.org","201908"
"2019-08-24 00:42:17.000","2014.calgary.wordcamp.org","cname","wordcamp.org","201908"
"2019-08-24 00:38:36.000","2014.capetown.wordcamp.org","cname","wordcamp.org","201908"
"2019-08-24 00:37:34.000","2014.chicago.wordcamp.org","cname","wordcamp.org","201908"
"2019-08-24 00:43:26.000","2014.columbus.wordcamp.org","cname","wordcamp.org","201908"
"2019-08-24 00:38:47.000","2014.connecticut.wordcamp.org","cname","wordcamp.org","201908"
"2019-08-24 00:42:35.000","2014.dayton.wordcamp.org","cname","wordcamp.org","201908"
"2019-08-24 00:37:43.000","2014.denmark.wordcamp.org","cname","wordcamp.org","201908"
"2019-08-24 00:39:01.000","2014.dfw.wordcamp.org","cname","wordcamp.org","201908"
"2019-08-24 00:46:41.000","2014.europe.wordcamp.org","cname","wordcamp.org","201908"
"2019-08-24 00:40:29.000","2014.grandrapids.wordcamp.org","cname","wordcamp.org","201908"
"2019-08-24 00:40:13.000","2014.hamburg.wordcamp.org","cname","wordcamp.org","201908"
"2019-08-24 00:39:12.000","2014.hanoi.wordcamp.org","cname","wordcamp.org","201908"
"2019-08-24 00:39:34.000","2014.houston.wordcamp.org","cname","wordcamp.org","201908"
"2019-08-24 00:37:59.000","2014.kansai.wordcamp.org","cname","wordcamp.org","201908"
"2019-08-24 00:38:24.000","2014.kansascity.wordcamp.org","cname","wordcamp.org","201908"
"2019-08-24 00:40:10.000","2014.la.wordcamp.org","cname","wordcamp.org","201908"
"2019-08-24 00:39:45.000","2014.lancasterpa.wordcamp.org","cname","wordcamp.org","201908"
"2019-08-24 00:38:28.000","2014.laspenitas.wordcamp.org","cname","wordcamp.org","201908"
"2019-08-24 00:42:04.000","2014.lima.wordcamp.org","cname","wordcamp.org","201908"
"2019-08-24 00:42:29.000","2014.london.wordcamp.org","cname","wordcamp.org","201908"
"2019-08-24 00:41:19.000","2014.louisville.wordcamp.org","cname","wordcamp.org","201908"
"2019-08-24 00:39:08.000","2014.maine.wordcamp.org","cname","wordcamp.org","201908"
"2019-08-24 00:38:13.000","2014.manchester.wordcamp.org","cname","wordcamp.org","201908"
"2019-08-24 00:41:12.000","2014.miami.wordcamp.org","cname","wordcamp.org","201908"
"2019-08-24 00:38:18.000","2014.milwaukee.wordcamp.org","cname","wordcamp.org","201908"
"2019-08-24 00:54:08.000","2014.minneapolis.wordcamp.org","cname","wordcamp.org","201908"
"2019-08-24 00:37:40.000","2014.montreal.wordcamp.org","cname","wordcamp.org","201908"
"2019-08-24 00:49:21.000","2014.mumbai.wordcamp.org","cname","wordcamp.org","201908"
"2019-08-24 00:38:30.000","2014.nashville.wordcamp.org","cname","wordcamp.org","201908"
"2019-08-24 00:39:02.000","2014.nepal.wordcamp.org","cname","wordcamp.org","201908"
"2019-08-24 00:38:16.000","2014.netherlands.wordcamp.org","cname","wordcamp.org","201908"
"2019-08-24 00:37:57.000","2014.norrkoping.wordcamp.org","cname","wordcamp.org","201908"
"2019-08-24 00:37:39.000","2014.northcanton.wordcamp.org","cname","wordcamp.org","201908"
"2019-08-24 00:38:19.000","2014.norway.wordcamp.org","cname","wordcamp.org","201908"
"2019-08-24 00:37:41.000","2014.oc.wordcamp.org","cname","wordcamp.org","201908"
"2019-08-24 00:40:48.000","2014.omaha.wordcamp.org","cname","wordcamp.org","201908"
"2019-08-24 00:38:03.000","2014.orlando.wordcamp.org","cname","wordcamp.org","201908"
"2019-08-24 00:39:32.000","2014.ottawa.wordcamp.org","cname","wordcamp.org","201908"
"2019-08-24 00:38:14.000","2014.paris.wordcamp.org","cname","wordcamp.org","201908"
"2019-08-24 00:47:23.000","2014.peru.wordcamp.org","cname","wordcamp.org","201908"
"2019-08-24 00:38:39.000","2014.philly.wordcamp.org","cname","wordcamp.org","201908"
"2019-08-24 00:45:43.000","2014.phoenix.wordcamp.org","cname","wordcamp.org","201908"
"2019-08-24 00:39:36.000","2014.portland.wordcamp.org","cname","wordcamp.org","201908"
"2019-08-24 00:37:50.000","2014.prague.wordcamp.org","cname","wordcamp.org","201908"
"2019-08-24 00:38:51.000","2014.providence.wordcamp.org","cname","wordcamp.org","201908"
"2019-08-24 00:41:52.000","2014.raleigh.wordcamp.org","cname","wordcamp.org","201908"
"2019-08-24 00:38:46.000","2014.riodejaneiro.wordcamp.org","cname","wordcamp.org","201908"
"2019-08-24 00:45:38.000","2014.russia.wordcamp.org","cname","wordcamp.org","201908"
"2019-08-24 00:42:11.000","2014.sandiego.wordcamp.org","cname","wordcamp.org","201908"
"2019-08-24 00:40:15.000","2014.santarosa.wordcamp.org","cname","wordcamp.org","201908"
"2019-08-24 00:37:54.000","2014.saopaulo.wordcamp.org","cname","wordcamp.org","201908"
"2019-08-24 00:39:11.000","2014.saratoga.wordcamp.org","cname","wordcamp.org","201908"
"2019-08-24 00:39:17.000","2014.seattle.wordcamp.org","cname","wordcamp.org","201908"
"2019-08-24 00:40:36.000","2014.seoul.wordcamp.org","cname","wordcamp.org","201908"
"2019-08-24 00:37:54.000","2014.sf.wordcamp.org","cname","wordcamp.org","201908"
"2019-08-24 00:41:38.000","2014.sheffield.wordcamp.org","cname","wordcamp.org","201908"
"2019-08-24 00:39:30.000","2014.slc.wordcamp.org","cname","wordcamp.org","201908"
"2019-08-24 00:38:49.000","2014.slovakia.wordcamp.org","cname","wordcamp.org","201908"
"2019-08-24 00:39:59.000","2014.stlouis.wordcamp.org","cname","wordcamp.org","201908"
"2019-08-24 00:39:30.000","2014.switzerland.wordcamp.org","cname","wordcamp.org","201908"
"2019-08-24 00:42:25.000","2014.sydney.wordcamp.org","cname","wordcamp.org","201908"
"2019-08-24 00:47:59.000","2014.tampa.wordcamp.org","cname","wordcamp.org","201908"
"2019-08-24 00:46:48.000","2014.toronto.wordcamp.org","cname","wordcamp.org","201908"
"2019-08-24 00:38:40.000","2014.vancouver.wordcamp.org","cname","wordcamp.org","201908"
"2019-08-24 00:38:28.000","2014.vegas.wordcamp.org","cname","wordcamp.org","201908"
"2019-08-24 00:41:04.000","2014.warsaw.wordcamp.org","cname","wordcamp.org","201908"
"2019-08-24 00:38:50.000","2014.winnipeg.wordcamp.org","cname","wordcamp.org","201908"
"2019-08-24 00:41:34.000","2015-beginner.seattle.wordcamp.org","cname","wordcamp.org","201908"
"2019-08-24 00:38:38.000","2015-deleted.seattle.wordcamp.org","cname","wordcamp.org","201908"
"2019-08-24 00:37:59.000","2015-experienced.seattle.wordcamp.org","cname","wordcamp.org","201908"
"2019-08-24 00:38:04.000","2015-fr.montreal.wordcamp.org","cname","wordcamp.org","201908"
"2019-08-24 00:38:59.000","2015.albuquerque.wordcamp.org","cname","wordcamp.org","201908"
"2019-08-24 00:39:23.000","2015.asheville.wordcamp.org","cname","wordcamp.org","201908"
"2019-08-24 00:46:55.000","2015.atlanta.wordcamp.org","cname","wordcamp.org","201908"
"2019-08-24 00:38:29.000","2015.austin.wordcamp.org","cname","wordcamp.org","201908"
"2019-08-24 00:37:27.000","2015.baltimore.wordcamp.org","cname","wordcamp.org","201908"
"2019-08-24 00:40:29.000","2015.barcelona.wordcamp.org","cname","wordcamp.org","201908"
"2019-08-24 00:40:01.000","2015.belohorizonte.wordcamp.org","cname","wordcamp.org","201908"
"2019-08-24 00:42:46.000","2015.berlin.wordcamp.org","cname","wordcamp.org","201908"
"2019-08-24 00:43:43.000","2015.biarritz.wordcamp.org","cname","wordcamp.org","201908"
"2019-08-24 00:43:45.000","2015.birmingham.wordcamp.org","cname","wordcamp.org","201908"
"2019-08-24 00:37:42.000","2015.birminghamuk.wordcamp.org","cname","wordcamp.org","201908"
"2019-08-24 00:40:10.000","2015.calgary.wordcamp.org","cname","wordcamp.org","201908"
"2019-08-24 00:39:55.000","2015.cantabria.wordcamp.org","cname","wordcamp.org","201908"
"2019-08-24 00:43:10.000","2015.capetown.wordcamp.org","cname","wordcamp.org","201908"
"2019-08-24 00:38:16.000","2015.cologne.wordcamp.org","cname","wordcamp.org","201908"
"2019-08-24 00:38:59.000","2015.columbus.wordcamp.org","cname","wordcamp.org","201908"
"2019-08-24 00:38:42.000","2015.copenhagen.wordcamp.org","cname","wordcamp.org","201908"
"2019-08-24 00:37:45.000","2015.croatia.wordcamp.org","cname","wordcamp.org","201908"
"2019-08-24 00:38:02.000","2015.denmark.wordcamp.org","cname","wordcamp.org","201908"
"2019-08-24 00:38:02.000","2015.denver.wordcamp.org","cname","wordcamp.org","201908"
"2019-08-24 00:41:51.000","2015.dfw.wordcamp.org","cname","wordcamp.org","201908"
"2019-08-24 00:37:57.000","2015.easttroy.wordcamp.org","cname","wordcamp.org","201908"
"2019-08-24 00:38:00.000","2015.edinburgh.wordcamp.org","cname","wordcamp.org","201908"
"2019-08-24 00:39:06.000","2015.europe.wordcamp.org","cname","wordcamp.org","201908"
"2019-08-24 00:41:01.000","2015.fayetteville.wordcamp.org","cname","wordcamp.org","201908"
"2019-08-24 00:39:34.000","2015.finland.wordcamp.org","cname","wordcamp.org","201908"
"2019-08-24 00:39:12.000","2015.grandrapids.wordcamp.org","cname","wordcamp.org","201908"
"2019-08-24 00:39:11.000","2015.greenville.wordcamp.org","cname","wordcamp.org","201908"
"2019-08-24 00:49:50.000","2015.hamilton.wordcamp.org","cname","wordcamp.org","201908"
"2019-08-24 00:39:26.000","2015.hamptonroads.wordcamp.org","cname","wordcamp.org","201908"
"2019-08-24 00:40:59.000","2015.jakarta.wordcamp.org","cname","wordcamp.org","201908"
"2019-08-24 00:47:51.000","2015.kansai.wordcamp.org","cname","wordcamp.org","201908"
"2019-08-24 00:38:22.000","2015.kansascity.wordcamp.org","cname","wordcamp.org","201908"
"2019-08-24 00:38:15.000","2015.krakow.wordcamp.org","cname","wordcamp.org","201908"
"2019-08-24 00:38:32.000","2015.la.wordcamp.org","cname","wordcamp.org","201908"
"2019-08-24 00:40:30.000","2015.lancasterpa.wordcamp.org","cname","wordcamp.org","201908"
"2019-08-24 00:43:23.000","2015.lisboa.wordcamp.org","cname","wordcamp.org","201908"
"2019-08-24 00:37:54.000","2015.lithuania.wordcamp.org","cname","wordcamp.org","201908"
"2019-08-24 00:38:05.000","2015.lyon.wordcamp.org","cname","wordcamp.org","201908"
"2019-08-24 00:42:30.000","2015.maine.wordcamp.org","cname","wordcamp.org","201908"
"2019-08-24 00:37:29.000","2015.manchester.wordcamp.org","cname","wordcamp.org","201908"
"2019-08-24 00:37:35.000","2015.maui.wordcamp.org","cname","wordcamp.org","201908"
"2019-08-24 00:39:11.000","2015.mexico.wordcamp.org","cname","wordcamp.org","201908"
"2019-08-24 00:37:41.000","2015.miami.wordcamp.org","cname","wordcamp.org","201908"
"2019-08-24 00:49:52.000","2015.milwaukee.wordcamp.org","cname","wordcamp.org","201908"
"2019-08-24 00:39:54.000","2015.minneapolis.wordcamp.org","cname","wordcamp.org","201908"
"2019-08-24 00:42:00.000","2015.montreal.wordcamp.org","cname","wordcamp.org","201908"
"2019-08-24 00:39:09.000","2015.mumbai.wordcamp.org","cname","wordcamp.org","201908"
"2019-08-24 00:40:50.000","2015.nashville.wordcamp.org","cname","wordcamp.org","201908"
"2019-08-24 00:40:03.000","2015.netherlands.wordcamp.org","cname","wordcamp.org","201908"
"2019-08-24 00:37:49.000","2015.northcanton.wordcamp.org","cname","wordcamp.org","201908"
"2019-08-24 00:37:12.000","2015.norway.wordcamp.org","cname","wordcamp.org","201908"
"2019-08-24 00:37:48.000","2015.nyc.wordcamp.org","cname","wordcamp.org","201908"
"2019-08-24 00:38:41.000","2015.omaha.wordcamp.org","cname","wordcamp.org","201908"
"2019-08-24 00:38:07.000","2015.orlando.wordcamp.org","cname","wordcamp.org","201908"
"2019-08-24 00:39:44.000","2015.ottawa.wordcamp.org","cname","wordcamp.org","201908"
"2019-08-24 00:42:31.000","2015.paris.wordcamp.org","cname","wordcamp.org","201908"
"2019-08-24 00:41:08.000","2015.philly.wordcamp.org","cname","wordcamp.org","201908"
"2019-08-24 00:39:24.000","2015.portland.wordcamp.org","cname","wordcamp.org","201908"
"2019-08-24 00:38:38.000","2015.portoalegre.wordcamp.org","cname","wordcamp.org","201908"
"2019-08-24 00:37:41.000","2015.prague.wordcamp.org","cname","wordcamp.org","201908"
"2019-08-24 00:39:50.000","2015.pune.wordcamp.org","cname","wordcamp.org","201908"
"2019-08-24 00:37:41.000","2015.raleigh.wordcamp.org","cname","wordcamp.org","201908"
"2019-08-24 00:40:48.000","2015.rhodeisland.wordcamp.org","cname","wordcamp.org","201908"
"2019-08-24 00:40:10.000","2015.riodejaneiro.wordcamp.org","cname","wordcamp.org","201908"
"2019-08-24 00:56:36.000","2015.russia.wordcamp.org","cname","wordcamp.org","201908"
"2019-08-24 00:38:07.000","2015.saopaulo.wordcamp.org","cname","wordcamp.org","201908"
"2019-08-24 00:44:58.000","2015.saratoga.wordcamp.org","cname","wordcamp.org","201908"
"2019-08-24 00:42:15.000","2015.scranton.wordcamp.org","cname","wordcamp.org","201908"
"2019-08-24 00:37:10.000","2015.seoul.wordcamp.org","cname","wordcamp.org","201908"
"2019-08-24 00:39:30.000","2015.slc.wordcamp.org","cname","wordcamp.org","201908"
"2019-08-24 00:41:03.000","2015.sofia.wordcamp.org","cname","wordcamp.org","201908"
"2019-08-24 00:40:36.000","2015.stlouis.wordcamp.org","cname","wordcamp.org","201908"
"2019-08-24 00:37:15.000","2015.switzerland.wordcamp.org","cname","wordcamp.org","201908"
"2019-08-24 00:50:24.000","2015.tampa.wordcamp.org","cname","wordcamp.org","201908"
"2019-08-24 01:04:40.000","2015.toronto.wordcamp.org","cname","wordcamp.org","201908"
"2019-08-24 00:47:14.000","2015.us.wordcamp.org","cname","wordcamp.org","201908"
"2019-08-24 00:39:45.000","2015.vancouver.wordcamp.org","cname","wordcamp.org","201908"
"2019-08-24 00:37:54.000","2015.vegas.wordcamp.org","cname","wordcamp.org","201908"
"2019-08-24 00:37:17.000","2015.vienna.wordcamp.org","cname","wordcamp.org","201908"
"2019-08-24 00:38:28.000","2015.winnipeg.wordcamp.org","cname","wordcamp.org","201908"
"2019-08-24 00:38:05.000","2012providenceold.wordcamp.org","cname","wordcamp.org","201908"
"2019-08-24 00:39:28.000","2013-deleted-dc.wordcamp.org","cname","wordcamp.org","201908"
"2019-08-24 00:38:13.000","2013-fr.montreal.wordcamp.org","cname","wordcamp.org","201908"
"2019-08-24 00:38:12.000","2013-fr.ottawa.wordcamp.org","cname","wordcamp.org","201908"
"2019-08-24 00:37:50.000","2013.albuquerque.wordcamp.org","cname","wordcamp.org","201908"
"2019-08-24 00:41:38.000","2013.atlanta.wordcamp.org","cname","wordcamp.org","201908"
"2019-08-24 00:48:21.000","2013.austin.wordcamp.org","cname","wordcamp.org","201908"
"2019-08-24 00:38:59.000","2013.baltimore.wordcamp.org","cname","wordcamp.org","201908"
"2019-08-24 00:42:20.000","2013.baroda.wordcamp.org","cname","wordcamp.org","201908"
"2019-08-24 00:38:28.000","2013.bologna.wordcamp.org","cname","wordcamp.org","201908"
"2019-08-24 00:41:39.000","2013.buffalo.wordcamp.org","cname","wordcamp.org","201908"
"2019-08-24 00:44:18.000","2013.calgary.wordcamp.org","cname","wordcamp.org","201908"
"2019-08-24 00:40:10.000","2013.capetown.wordcamp.org","cname","wordcamp.org","201908"
"2019-08-24 00:41:48.000","2013.chicago.wordcamp.org","cname","wordcamp.org","201908"
"2019-08-24 00:42:07.000","2013.cluj-napoca.wordcamp.org","cname","wordcamp.org","201908"
"2019-08-24 00:37:50.000","2013.denver.wordcamp.org","cname","wordcamp.org","201908"
"2019-08-24 00:37:29.000","2013.detroit.wordcamp.org","cname","wordcamp.org","201908"
"2019-08-24 00:43:25.000","2013.edmonton.wordcamp.org","cname","wordcamp.org","201908"
"2019-08-24 00:48:12.000","2013.europe.wordcamp.org","cname","wordcamp.org","201908"
"2019-08-24 00:40:03.000","2013.fayetteville.wordcamp.org","cname","wordcamp.org","201908"
"2019-08-24 00:39:16.000","2013.hamilton.wordcamp.org","cname","wordcamp.org","201908"
"2019-08-24 00:40:37.000","2013.indonesia.wordcamp.org","cname","wordcamp.org","201908"
"2019-08-24 00:38:29.000","2013.jerusalem.wordcamp.org","cname","wordcamp.org","201908"
"2019-08-24 00:46:04.000","2013.kenya.wordcamp.org","cname","wordcamp.org","201908"
"2019-08-24 00:37:39.000","2013.kobe.wordcamp.org","cname","wordcamp.org","201908"
"2019-08-24 00:37:17.000","2013.la.wordcamp.org","cname","wordcamp.org","201908"
"2019-08-24 00:39:41.000","2013.lancaster.wordcamp.org","cname","wordcamp.org","201908"
"2019-08-24 00:47:16.000","2013.lima.wordcamp.org","cname","wordcamp.org","201908"
"2019-08-24 00:37:33.000","2013.lithuania.wordcamp.org","cname","wordcamp.org","201908"
"2019-08-24 00:38:49.000","2013.london.wordcamp.org","cname","wordcamp.org","201908"
"2019-08-24 00:38:33.000","2013.louisville.wordcamp.org","cname","wordcamp.org","201908"
"2019-08-24 00:43:17.000","2013.miami.wordcamp.org","cname","wordcamp.org","201908"
"2019-08-24 00:45:18.000","2013.milwaukee.wordcamp.org","cname","wordcamp.org","201908"
"2019-08-24 00:40:31.000","2013.montreal.wordcamp.org","cname","wordcamp.org","201908"
"2019-08-24 00:39:42.000","2013.nepal.wordcamp.org","cname","wordcamp.org","201908"
"2019-08-24 00:38:06.000","2013.nicaragua.wordcamp.org","cname","wordcamp.org","201908"
"2019-08-24 00:37:56.000","2013.northcanton.wordcamp.org","cname","wordcamp.org","201908"
"2019-08-24 00:37:31.000","2013.norway.wordcamp.org","cname","wordcamp.org","201908"
"2019-08-24 00:38:19.000","2013.oc.wordcamp.org","cname","wordcamp.org","201908"
"2019-08-24 00:39:56.000","2013.orlando.wordcamp.org","cname","wordcamp.org","201908"
"2019-08-24 00:42:05.000","2013.ottawa.wordcamp.org","cname","wordcamp.org","201908"
"2019-08-24 00:46:58.000","2013.paris.wordcamp.org","cname","wordcamp.org","201908"
"2019-08-24 00:39:57.000","2013.phoenix.wordcamp.org","cname","wordcamp.org","201908"
"2019-08-24 00:39:48.000","2013.porto.wordcamp.org","cname","wordcamp.org","201908"
"2019-08-24 00:38:22.000","2013.portoalegre.wordcamp.org","cname","wordcamp.org","201908"
"2019-08-24 00:49:24.000","2013.pune.wordcamp.org","cname","wordcamp.org","201908"
"2019-08-24 00:38:38.000","2013.russia.wordcamp.org","cname","wordcamp.org","201908"
"2019-08-24 00:37:10.000","2013.seattle.wordcamp.org","cname","wordcamp.org","201908"
"2019-08-24 00:37:47.000","2013.seoul.wordcamp.org","cname","wordcamp.org","201908"
"2019-08-24 00:39:09.000","2013.sevilla.wordcamp.org","cname","wordcamp.org","201908"
"2019-08-24 00:39:24.000","2013.sf.wordcamp.org","cname","wordcamp.org","201908"
"2019-08-24 00:40:52.000","2013.slc.wordcamp.org","cname","wordcamp.org","201908"
"2019-08-24 00:37:49.000","2013.slovakia.wordcamp.org","cname","wordcamp.org","201908"
"2019-08-24 00:38:05.000","2013.sofia.wordcamp.org","cname","wordcamp.org","201908"
"2019-08-24 00:37:33.000","2013.switzerland.wordcamp.org","cname","wordcamp.org","201908"
"2019-08-24 00:38:47.000","2013.tampa.wordcamp.org","cname","wordcamp.org","201908"
"2019-08-24 00:47:47.000","2013.tokyo.wordcamp.org","cname","wordcamp.org","201908"
"2019-08-24 00:42:00.000","2013.toronto.wordcamp.org","cname","wordcamp.org","201908"
"2019-08-24 00:37:37.000","2013.transylvania.wordcamp.org","cname","wordcamp.org","201908"
"2019-08-24 00:40:54.000","2013.vancouver.wordcamp.org","cname","wordcamp.org","201908"
"2019-08-24 00:37:36.000","2013.vegas.wordcamp.org","cname","wordcamp.org","201908"
"2019-08-24 00:41:09.000","2013.victoria.wordcamp.org","cname","wordcamp.org","201908"
"2019-08-24 00:38:54.000","2013.vienna.wordcamp.org","cname","wordcamp.org","201908"
"2019-08-24 00:40:13.000","2013.windsor.wordcamp.org","cname","wordcamp.org","201908"
"2019-08-24 00:37:49.000","2013.winnipeg.wordcamp.org","cname","wordcamp.org","201908"
"2019-08-24 00:41:41.000","2013.wroclaw.wordcamp.org","cname","wordcamp.org","201908"
"2019-08-24 00:39:23.000","2019-columbus.publishers.wordcamp.org","cname","wordcamp.org","201908"
"2019-08-24 00:38:30.000","2019-developers.sevilla.wordcamp.org","cname","wordcamp.org","201908"
"2019-08-24 00:40:11.000","2019-fr.montreal.wordcamp.org","cname","wordcamp.org","201908"
"2019-08-24 00:37:32.000","2019-sinemorets.retreat.wordcamp.org","cname","wordcamp.org","201908"
"2019-08-24 00:49:32.000","2019-soltau.retreat.wordcamp.org","cname","wordcamp.org","201908"
"2019-08-24 00:47:30.000","2019.ahmedabad.wordcamp.org","cname","wordcamp.org","201908"
"2019-08-24 00:40:11.000","2019.albuquerque.wordcamp.org","cname","wordcamp.org","201908"
"2019-08-24 00:43:29.000","2019.annarbor.wordcamp.org","cname","wordcamp.org","201908"
"2019-08-24 00:38:41.000","2019.asheville.wordcamp.org","cname","wordcamp.org","201908"
"2019-08-24 00:41:32.000","2019.athens.wordcamp.org","cname","wordcamp.org","201908"
"2019-08-24 00:40:53.000","2019.atlanta.wordcamp.org","cname","wordcamp.org","201908"
"2019-08-24 00:37:51.000","2019.auckland.wordcamp.org","cname","wordcamp.org","201908"
"2019-08-24 00:38:26.000","2019.bari.wordcamp.org","cname","wordcamp.org","201908"
"2019-08-24 00:40:35.000","2019.bharatpur.wordcamp.org","cname","wordcamp.org","201908"
"2019-08-24 00:42:04.000","2019.birmingham.wordcamp.org","cname","wordcamp.org","201908"
"2019-08-24 00:37:30.000","2019.boston.wordcamp.org","cname","wordcamp.org","201908"
"2019-08-24 00:48:47.000","2019.bratislava.wordcamp.org","cname","wordcamp.org","201908"
"2019-08-24 00:39:14.000","2019.brighton.wordcamp.org","cname","wordcamp.org","201908"
"2019-08-24 00:37:47.000","2019.brisbane.wordcamp.org","cname","wordcamp.org","201908"
"2019-08-24 00:41:27.000","2019.bristol.wordcamp.org","cname","wordcamp.org","201908"
"2019-08-24 00:41:11.000","2019.buffalo.wordcamp.org","cname","wordcamp.org","201908"
"2019-08-24 00:39:23.000","2019.caceres.wordcamp.org","cname","wordcamp.org","201908"
"2019-08-24 00:41:53.000","2019.cadiz.wordcamp.org","cname","wordcamp.org","201908"
"2019-08-24 00:45:42.000","2019.capetown.wordcamp.org","cname","wordcamp.org","201908"
"2019-08-24 00:42:06.000","2019.catania.wordcamp.org","cname","wordcamp.org","201908"
"2019-08-24 00:38:58.000","2019.davao.wordcamp.org","cname","wordcamp.org","201908"
"2019-08-24 00:38:18.000","2019.dayton.wordcamp.org","cname","wordcamp.org","201908"
"2019-08-24 00:39:37.000","2019.dc.wordcamp.org","cname","wordcamp.org","201908"
"2019-08-24 00:40:37.000","2019.denver.wordcamp.org","cname","wordcamp.org","201908"
"2019-08-24 00:40:12.000","2019.detroit.wordcamp.org","cname","wordcamp.org","201908"
"2019-08-24 00:37:30.000","2019.dfw.wordcamp.org","cname","wordcamp.org","201908"
"2019-08-24 00:48:07.000","2019.dublin.wordcamp.org","cname","wordcamp.org","201908"
"2019-08-24 00:44:50.000","2019.dusseldorf.wordcamp.org","cname","wordcamp.org","201908"
"2019-08-24 00:38:59.000","2019.europe.wordcamp.org","cname","wordcamp.org","201908"
"2019-08-24 00:40:41.000","2019.fayetteville.wordcamp.org","cname","wordcamp.org","201908"
"2019-08-24 00:40:16.000","2019.granada.wordcamp.org","cname","wordcamp.org","201908"
"2019-08-24 00:39:14.000","2019.grandrapids.wordcamp.org","cname","wordcamp.org","201908"
"2019-08-24 00:38:09.000","2019.greenville.wordcamp.org","cname","wordcamp.org","201908"
"2019-08-24 00:39:43.000","2019.guadalajara.wordcamp.org","cname","wordcamp.org","201908"
"2019-08-24 00:39:44.000","2019.guayaquil.wordcamp.org","cname","wordcamp.org","201908"
"2019-08-24 00:37:34.000","2019.hamilton.wordcamp.org","cname","wordcamp.org","201908"
"2019-08-24 00:41:30.000","2019.haneda.wordcamp.org","cname","wordcamp.org","201908"
"2019-08-24 00:39:13.000","2019.hongkong.wordcamp.org","cname","wordcamp.org","201908"
"2019-08-24 00:38:57.000","2019.ileife.wordcamp.org","cname","wordcamp.org","201908"
"2019-08-24 00:44:35.000","2019.iloilo.wordcamp.org","cname","wordcamp.org","201908"
"2019-08-24 00:38:21.000","2019.irun.wordcamp.org","cname","wordcamp.org","201908"
"2019-08-24 00:39:18.000","2019.jackson.wordcamp.org","cname","wordcamp.org","201908"
"2019-08-24 00:41:21.000","2019.jacksonville.wordcamp.org","cname","wordcamp.org","201908"
"2019-08-24 00:41:36.000","2019.jakarta.wordcamp.org","cname","wordcamp.org","201908"
"2019-08-24 00:40:07.000","2019.johannesburg.wordcamp.org","cname","wordcamp.org","201908"
"2019-08-24 00:43:10.000","2019.kansascity.wordcamp.org","cname","wordcamp.org","201908"
"2019-08-24 00:41:41.000","2019.karachi.wordcamp.org","cname","wordcamp.org","201908"
"2019-08-24 00:38:11.000","2019.kent.wordcamp.org","cname","wordcamp.org","201908"
"2019-08-24 00:43:01.000","2019.kolkata.wordcamp.org","cname","wordcamp.org","201908"
"2019-08-24 00:38:50.000","2019.kualalumpur.wordcamp.org","cname","wordcamp.org","201908"
"2019-08-24 00:40:44.000","2019.kyiv.wordcamp.org","cname","wordcamp.org","201908"
"2019-08-24 00:40:58.000","2019.lahore.wordcamp.org","cname","wordcamp.org","201908"
"2019-08-24 00:44:39.000","2019.lancasterpa.wordcamp.org","cname","wordcamp.org","201908"
"2019-08-24 00:39:45.000","2019.laspalmas.wordcamp.org","cname","wordcamp.org","201908"
"2019-08-24 00:38:21.000","2019.laspalmasgc.wordcamp.org","cname","wordcamp.org","201908"
"2019-08-24 00:39:24.000","2019.leeds.wordcamp.org","cname","wordcamp.org","201908"
"2019-08-24 00:38:26.000","2019.lehighvalley.wordcamp.org","cname","wordcamp.org","201908"
"2019-08-24 00:38:15.000","2019.lisbon.wordcamp.org","cname","wordcamp.org","201908"
"2019-08-24 00:45:27.000","2019.lodz.wordcamp.org","cname","wordcamp.org","201908"
"2019-08-24 00:39:11.000","2019.london.wordcamp.org","cname","wordcamp.org","201908"
"2019-08-24 00:40:25.000","2019.longbeach.wordcamp.org","cname","wordcamp.org","201908"
"2019-08-24 00:39:24.000","2019.madrid.wordcamp.org","cname","wordcamp.org","201908"
"2019-08-24 00:43:10.000","2019.malaga.wordcamp.org","cname","wordcamp.org","201908"
"2019-08-24 00:41:08.000","2019.managua.wordcamp.org","cname","wordcamp.org","201908"
"2019-08-24 00:40:49.000","2019.marseille.wordcamp.org","cname","wordcamp.org","201908"
"2019-08-24 00:37:49.000","2019.mexicocity.wordcamp.org","cname","wordcamp.org","201908"
"2019-08-24 00:49:29.000","2019.milano.wordcamp.org","cname","wordcamp.org","201908"
"2019-08-24 00:38:13.000","2019.montclair.wordcamp.org","cname","wordcamp.org","201908"
"2019-08-24 00:44:50.000","2019.montreal.wordcamp.org","cname","wordcamp.org","201908"
"2019-08-24 00:38:33.000","2019.mumbai.wordcamp.org","cname","wordcamp.org","201908"
"2019-08-24 00:39:21.000","2019.nagpur.wordcamp.org","cname","wordcamp.org","201908"
"2019-08-24 00:38:01.000","2019.nairobi.wordcamp.org","cname","wordcamp.org","201908"
"2019-08-24 00:38:53.000","2019.newcastle.wordcamp.org","cname","wordcamp.org","201908"
"2019-08-24 00:39:12.000","2019.niagara.wordcamp.org","cname","wordcamp.org","201908"
"2019-08-24 00:41:41.000","2019.niigata.wordcamp.org","cname","wordcamp.org","201908"
"2019-08-24 00:39:42.000","2019.nijmegen.wordcamp.org","cname","wordcamp.org","201908"
"2019-08-24 00:37:23.000","2019.nordic.wordcamp.org","cname","wordcamp.org","201908"
"2019-08-24 00:45:13.000","2019.nyc.wordcamp.org","cname","wordcamp.org","201908"
"2019-08-24 00:41:23.000","2019.oc.wordcamp.org","cname","wordcamp.org","201908"
"2019-08-24 00:42:54.000","2019.omaha.wordcamp.org","cname","wordcamp.org","201908"
"2019-08-24 00:40:23.000","2019.oslo.wordcamp.org","cname","wordcamp.org","201908"
"2019-08-24 00:39:20.000","2019.osnabrueck.wordcamp.org","cname","wordcamp.org","201908"
"2019-08-24 00:39:42.000","2019.ottawa.wordcamp.org","cname","wordcamp.org","201908"
"2019-08-24 00:38:25.000","2019.oviedo.wordcamp.org","cname","wordcamp.org","201908"
"2019-08-24 00:38:26.000","2019.panamacity.wordcamp.org","cname","wordcamp.org","201908"
"2019-08-24 00:37:51.000","2019.paris.wordcamp.org","cname","wordcamp.org","201908"
"2019-08-24 00:39:15.000","2019.philly.wordcamp.org","cname","wordcamp.org","201908"
"2019-08-24 00:41:16.000","2019.phoenix.wordcamp.org","cname","wordcamp.org","201908"
"2019-08-24 00:38:15.000","2019.pokhara.wordcamp.org","cname","wordcamp.org","201908"
"2019-08-24 00:41:00.000","2019.pontevedra.wordcamp.org","cname","wordcamp.org","201908"
"2019-08-24 00:39:22.000","2019.portharcourt.wordcamp.org","cname","wordcamp.org","201908"
"2019-08-24 00:42:02.000","2019.portmacquarie.wordcamp.org","cname","wordcamp.org","201908"
"2019-08-24 00:45:18.000","2019.portoalegre.wordcamp.org","cname","wordcamp.org","201908"
"2019-08-24 00:38:08.000","2019.prague.wordcamp.org","cname","wordcamp.org","201908"
"2019-08-24 00:39:21.000","2019.puebla.wordcamp.org","cname","wordcamp.org","201908"
"2019-08-24 00:41:07.000","2019.raleigh.wordcamp.org","cname","wordcamp.org","201908"
"2019-08-24 00:37:44.000","2019.riverside.wordcamp.org","cname","wordcamp.org","201908"
"2019-08-24 00:41:21.000","2019.rochester.wordcamp.org","cname","wordcamp.org","201908"
"2019-08-24 00:53:41.000","2019.rotterdam.wordcamp.org","cname","wordcamp.org","201908"
"2019-08-24 00:41:11.000","2019.sacramento.wordcamp.org","cname","wordcamp.org","201908"
"2019-08-24 00:41:41.000","2019.saintpetersburg.wordcamp.org","cname","wordcamp.org","201908"
"2019-08-24 00:38:17.000","2019.sanantonio.wordcamp.org","cname","wordcamp.org","201908"
"2019-08-24 00:38:42.000","2019.sanjose.wordcamp.org","cname","wordcamp.org","201908"
"2019-08-24 00:51:17.000","2019.santaclarita.wordcamp.org","cname","wordcamp.org","201908"
"2019-08-24 00:39:50.000","2019.saopaulo.wordcamp.org","cname","wordcamp.org","201908"
"2019-08-24 00:38:00.000","2019.seattle.wordcamp.org","cname","wordcamp.org","201908"
"2019-08-24 00:41:43.000","2019.sevilla.wordcamp.org","cname","wordcamp.org","201908"
"2019-08-24 00:42:51.000","2019.singapore.wordcamp.org","cname","wordcamp.org","201908"
"2019-08-24 00:41:01.000","2019.skopje.wordcamp.org","cname","wordcamp.org","201908"
"2019-08-24 00:39:21.000","2019.slc.wordcamp.org","cname","wordcamp.org","201908"
"2019-08-24 00:40:08.000","2019.stuttgart.wordcamp.org","cname","wordcamp.org","201908"
"2019-08-24 00:38:58.000","2019.sydney.wordcamp.org","cname","wordcamp.org","201908"
"2019-08-24 00:41:14.000","2019.taipei.wordcamp.org","cname","wordcamp.org","201908"
"2019-08-24 00:38:16.000","2019.telaviv.wordcamp.org","cname","wordcamp.org","201908"
"2019-08-24 00:46:26.000","2019.thessaloniki.wordcamp.org","cname","wordcamp.org","201908"
"2019-08-24 00:38:01.000","2019.tokyo.wordcamp.org","cname","wordcamp.org","201908"
"2019-08-24 00:39:32.000","2019.torino.wordcamp.org","cname","wordcamp.org","201908"
"2019-08-24 00:38:53.000","2019.udaipur.wordcamp.org","cname","wordcamp.org","201908"
"2019-08-24 00:38:34.000","2019.us.wordcamp.org","cname","wordcamp.org","201908"
"2019-08-24 00:56:13.000","2019.vadodara.wordcamp.org","cname","wordcamp.org","201908"
"2019-08-24 00:38:15.000","2019.valencia.wordcamp.org","cname","wordcamp.org","201908"
"2019-08-24 00:37:58.000","2019.vancouver.wordcamp.org","cname","wordcamp.org","201908"
"2019-08-24 00:40:19.000","2019.vegas.wordcamp.org","cname","wordcamp.org","201908"
"2019-08-24 00:39:34.000","2019.verona.wordcamp.org","cname","wordcamp.org","201908"
"2019-08-24 00:39:05.000","2019.zaragoza.wordcamp.org","cname","wordcamp.org","201908"
"2019-08-24 00:41:10.000","2019.zurich.wordcamp.org","cname","wordcamp.org","201908"
"2019-08-24 00:42:29.000","2016-en.barcelona.wordcamp.org","cname","wordcamp.org","201908"
"2019-08-24 00:37:24.000","2016-eu.bilbao.wordcamp.org","cname","wordcamp.org","201908"
"2019-08-24 00:37:29.000","2016.albuquerque.wordcamp.org","cname","wordcamp.org","201908"
"2019-08-24 00:45:29.000","2016.annarbor.wordcamp.org","cname","wordcamp.org","201908"
"2019-08-24 00:40:05.000","2016.antwerp.wordcamp.org","cname","wordcamp.org","201908"
"2019-08-24 00:39:12.000","2016.atlanta.wordcamp.org","cname","wordcamp.org","201908"
"2019-08-24 00:43:42.000","2016.baltimore.wordcamp.org","cname","wordcamp.org","201908"
"2019-08-24 00:38:15.000","2016.barcelona.wordcamp.org","cname","wordcamp.org","201908"
"2019-08-24 00:38:40.000","2016.belfast.wordcamp.org","cname","wordcamp.org","201908"
"2019-08-24 00:55:06.000","2016.belgrade.wordcamp.org","cname","wordcamp.org","201908"
"2019-08-24 00:39:11.000","2016.belohorizonte.wordcamp.org","cname","wordcamp.org","201908"
"2019-08-24 00:39:06.000","2016.bilbao.wordcamp.org","cname","wordcamp.org","201908"
"2019-08-24 00:42:57.000","2016.birmingham.wordcamp.org","cname","wordcamp.org","201908"
"2019-08-24 00:38:15.000","2016.bratislava.wordcamp.org","cname","wordcamp.org","201908"
"2019-08-24 00:38:07.000","2016.brighton.wordcamp.org","cname","wordcamp.org","201908"
"2019-08-24 00:39:16.000","2016.bristol.wordcamp.org","cname","wordcamp.org","201908"
"2019-08-24 00:44:44.000","2016.bucharest.wordcamp.org","cname","wordcamp.org","201908"
"2019-08-24 00:40:22.000","2016.buffalo.wordcamp.org","cname","wordcamp.org","201908"
"2019-08-24 00:39:20.000","2016.calgary.wordcamp.org","cname","wordcamp.org","201908"
"2019-08-24 00:40:56.000","2016.cantabria.wordcamp.org","cname","wordcamp.org","201908"
"2019-08-24 00:37:55.000","2016.capetown.wordcamp.org","cname","wordcamp.org","201908"
"2019-08-24 00:40:09.000","2016.chicago.wordcamp.org","cname","wordcamp.org","201908"
"2019-08-24 00:39:56.000","2016.cincinnati.wordcamp.org","cname","wordcamp.org","201908"
"2019-08-24 00:41:29.000","2016.cologne.wordcamp.org","cname","wordcamp.org","201908"
"2019-08-24 00:40:18.000","2016.columbus.wordcamp.org","cname","wordcamp.org","201908"
"2019-08-24 00:39:43.000","2016.dayton.wordcamp.org","cname","wordcamp.org","201908"
"2019-08-24 00:39:20.000","2016.denmark.wordcamp.org","cname","wordcamp.org","201908"
"2019-08-24 00:38:53.000","2016.denpasar.wordcamp.org","cname","wordcamp.org","201908"
"2019-08-24 00:44:06.000","2016.denver.wordcamp.org","cname","wordcamp.org","201908"
"2019-08-24 00:38:15.000","2016.dfw.wordcamp.org","cname","wordcamp.org","201908"
"2019-08-24 00:38:38.000","2016.europe.wordcamp.org","cname","wordcamp.org","201908"
"2019-08-24 00:40:38.000","2016.finland.wordcamp.org","cname","wordcamp.org","201908"
"2019-08-24 00:39:41.000","2016.fortaleza.wordcamp.org","cname","wordcamp.org","201908"
"2019-08-24 00:43:16.000","2016.frankfurt.wordcamp.org","cname","wordcamp.org","201908"
"2019-08-24 00:43:24.000","2016.gdynia.wordcamp.org","cname","wordcamp.org","201908"
"2019-08-24 00:41:34.000","2016.geneva.wordcamp.org","cname","wordcamp.org","201908"
"2019-08-24 00:41:21.000","2016.hamilton.wordcamp.org","cname","wordcamp.org","201908"
"2019-08-24 00:47:00.000","2016.harare.wordcamp.org","cname","wordcamp.org","201908"
"2019-08-24 00:40:19.000","2016.ian-test.wordcamp.org","cname","wordcamp.org","201908"
"2019-08-24 00:40:15.000","2016.israel.wordcamp.org","cname","wordcamp.org","201908"
"2019-08-24 00:46:40.000","2016.jacksonville.wordcamp.org","cname","wordcamp.org","201908"
"2019-08-24 00:38:41.000","2016.johannesburg.wordcamp.org","cname","wordcamp.org","201908"
"2019-08-24 00:42:09.000","2016.kansai.wordcamp.org","cname","wordcamp.org","201908"
"2019-08-24 00:37:50.000","2016.kansascity.wordcamp.org","cname","wordcamp.org","201908"
"2019-08-24 00:40:00.000","2016.kathmandu.wordcamp.org","cname","wordcamp.org","201908"
"2019-08-24 00:40:00.000","2016.kyiv.wordcamp.org","cname","wordcamp.org","201908"
"2019-08-24 00:38:57.000","2016.la.wordcamp.org","cname","wordcamp.org","201908"
"2019-08-24 00:38:17.000","2016.lahore.wordcamp.org","cname","wordcamp.org","201908"
"2019-08-24 00:40:24.000","2016.lancasterpa.wordcamp.org","cname","wordcamp.org","201908"
"2019-08-24 00:37:16.000","2016.lehighvalley.wordcamp.org","cname","wordcamp.org","201908"
"2019-08-24 00:43:51.000","2016.lima.wordcamp.org","cname","wordcamp.org","201908"
"2019-08-24 00:37:45.000","2016.london.wordcamp.org","cname","wordcamp.org","201908"
"2019-08-24 00:43:48.000","2016.louisville.wordcamp.org","cname","wordcamp.org","201908"
"2019-08-24 00:37:37.000","2016.madrid.wordcamp.org","cname","wordcamp.org","201908"
"2019-08-24 00:42:03.000","2016.maine.wordcamp.org","cname","wordcamp.org","201908"
"2019-08-24 00:38:58.000","2016.manila.wordcamp.org","cname","wordcamp.org","201908"
"2019-08-24 00:42:09.000","2016.marbella.wordcamp.org","cname","wordcamp.org","201908"
"2019-08-24 00:37:44.000","2016.medellin.wordcamp.org","cname","wordcamp.org","201908"
"2019-08-24 00:40:06.000","2016.memphis.wordcamp.org","cname","wordcamp.org","201908"
"2019-08-24 00:37:32.000","2016.miami.wordcamp.org","cname","wordcamp.org","201908"
"2019-08-24 00:37:48.000","2016.milan.wordcamp.org","cname","wordcamp.org","201908"
"2019-08-24 00:40:07.000","2016.milano.wordcamp.org","cname","wordcamp.org","201908"
"2019-08-24 00:39:00.000","2016.minneapolis.wordcamp.org","cname","wordcamp.org","201908"
"2019-08-24 00:39:17.000","2016.montreal.wordcamp.org","cname","wordcamp.org","201908"
"2019-08-24 00:37:19.000","2016.mumbai.wordcamp.org","cname","wordcamp.org","201908"
"2019-08-24 00:37:26.000","2016.nairobi.wordcamp.org","cname","wordcamp.org","201908"
"2019-08-24 00:39:03.000","2016.nashik.wordcamp.org","cname","wordcamp.org","201908"
"2019-08-24 00:40:02.000","2016.nashville.wordcamp.org","cname","wordcamp.org","201908"
"2019-08-24 00:38:34.000","2016.netherlands.wordcamp.org","cname","wordcamp.org","201908"
"2019-08-24 00:37:27.000","2016.nola.wordcamp.org","cname","wordcamp.org","201908"
"2019-08-24 00:38:10.000","2016.norway.wordcamp.org","cname","wordcamp.org","201908"
"2019-08-24 00:44:10.000","2016.nuremberg.wordcamp.org","cname","wordcamp.org","201908"
"2019-08-24 00:38:58.000","2016.nyc.wordcamp.org","cname","wordcamp.org","201908"
"2019-08-24 00:44:22.000","2016.oc.wordcamp.org","cname","wordcamp.org","201908"
"2019-08-24 00:37:37.000","2016.okc.wordcamp.org","cname","wordcamp.org","201908"
"2019-08-24 00:45:21.000","2016.omaha.wordcamp.org","cname","wordcamp.org","201908"
"2019-08-24 00:37:21.000","2016.orlando.wordcamp.org","cname","wordcamp.org","201908"
"2019-08-24 00:38:25.000","2016.ottawa.wordcamp.org","cname","wordcamp.org","201908"
"2019-08-24 00:38:29.000","2016.paris.wordcamp.org","cname","wordcamp.org","201908"
"2019-08-24 00:38:20.000","2016.peoria.wordcamp.org","cname","wordcamp.org","201908"
"2019-08-24 00:40:09.000","2016.phoenix.wordcamp.org","cname","wordcamp.org","201908"
"2019-08-24 00:38:27.000","2016.pittsburgh.wordcamp.org","cname","wordcamp.org","201908"
"2019-08-24 00:37:40.000","2016.prague.wordcamp.org","cname","wordcamp.org","201908"
"2019-08-24 00:42:15.000","2016.raleigh.wordcamp.org","cname","wordcamp.org","201908"
"2019-08-24 00:44:45.000","2016.rhodeisland.wordcamp.org","cname","wordcamp.org","201908"
"2019-08-24 00:39:24.000","2016.riga.wordcamp.org","cname","wordcamp.org","201908"
"2019-08-24 00:44:54.000","2016.rochester.wordcamp.org","cname","wordcamp.org","201908"
"2019-08-24 00:40:52.000","2016.sanantonio.wordcamp.org","cname","wordcamp.org","201908"
"2019-08-24 00:42:02.000","2016.sandiego.wordcamp.org","cname","wordcamp.org","201908"
"2019-08-24 00:39:16.000","2016.sanjose.wordcamp.org","cname","wordcamp.org","201908"
"2019-08-24 00:37:11.000","2016.santander.wordcamp.org","cname","wordcamp.org","201908"
"2019-08-24 00:37:57.000","2016.saopaulo.wordcamp.org","cname","wordcamp.org","201908"
"2019-08-24 00:42:37.000","2016.sevilla.wordcamp.org","cname","wordcamp.org","201908"
"2019-08-24 00:38:16.000","2016.singapore.wordcamp.org","cname","wordcamp.org","201908"
"2019-08-24 00:40:31.000","2016.slc.wordcamp.org","cname","wordcamp.org","201908"
"2019-08-24 00:38:18.000","2016.sofia.wordcamp.org","cname","wordcamp.org","201908"
"2019-08-24 00:46:54.000","2016.split.wordcamp.org","cname","wordcamp.org","201908"
"2019-08-24 00:38:31.000","2016.stlouis.wordcamp.org","cname","wordcamp.org","201908"
"2019-08-24 00:38:57.000","2016.stockholm.wordcamp.org","cname","wordcamp.org","201908"
"2019-08-24 00:38:14.000","2016.sunshinecoast.wordcamp.org","cname","wordcamp.org","201908"
"2019-08-24 00:39:19.000","2016.sydney.wordcamp.org","cname","wordcamp.org","201908"
"2019-08-24 00:38:39.000","2016.tampa.wordcamp.org","cname","wordcamp.org","201908"
"2019-08-24 00:44:16.000","2016.toronto.wordcamp.org","cname","wordcamp.org","201908"
"2019-08-24 00:43:31.000","2016.us.wordcamp.org","cname","wordcamp.org","201908"
"2019-08-24 00:38:22.000","2016.vancouver.wordcamp.org","cname","wordcamp.org","201908"
"2019-08-24 00:41:45.000","2016.vernon.wordcamp.org","cname","wordcamp.org","201908"
"2019-08-24 00:39:16.000","2016.wilmington.wordcamp.org","cname","wordcamp.org","201908"
"2019-08-24 00:42:48.000","2016.winnipeg.wordcamp.org","cname","wordcamp.org","201908"
"2019-08-24 00:39:56.000","2016.zilina.wordcamp.org","cname","wordcamp.org","201908"
"2019-08-24 17:48:56.000","portsmouth.wordcamp.org","cname","wordcamp.org","201908"
"2019-08-24 08:42:59.000","fortaleza.wordcamp.org","cname","wordcamp.org","201908"
"2019-08-24 10:03:09.000","houston.wordcamp.org","cname","wordcamp.org","201908"
"2019-08-24 17:52:26.000","portharcourt.wordcamp.org","cname","wordcamp.org","201908"
"2019-08-24 17:49:03.000","portlandme.wordcamp.org","cname","wordcamp.org","201908"
"2019-08-24 05:13:00.000","buea.wordcamp.org","cname","wordcamp.org","201908"
"2019-08-24 05:03:22.000","buenosaires.wordcamp.org","cname","wordcamp.org","201908"
"2019-08-24 05:05:14.000","bulawayo.wordcamp.org","cname","wordcamp.org","201908"
"2019-08-24 09:06:34.000","halifax.wordcamp.org","cname","wordcamp.org","201908"
"2019-08-24 12:46:54.000","milan.wordcamp.org","cname","wordcamp.org","201908"
"2019-08-24 12:44:14.000","milano.wordcamp.org","cname","wordcamp.org","201908"
"2019-08-24 10:15:23.000","ian-test.wordcamp.org","cname","wordcamp.org","201908"
